# Created by FreeCAD <https://www.freecad.org>
v 0.014446 2.705949 20.000000
v 0.000000 3.000000 20.000000
v 0.000000 3.000000 0.000000
v 0.014446 2.705949 0.000000
v 0.057644 2.414729 20.000000
v 0.057644 2.414729 0.000000
v 0.129179 2.129146 0.000000
v 0.129179 2.129146 20.000000
v 0.228361 1.851950 20.000000
v 0.228361 1.851950 0.000000
v 0.354236 1.585810 0.000000
v 0.354236 1.585810 20.000000
v 0.505591 1.333289 0.000000
v 0.505591 1.333289 20.000000
v 0.680969 1.096820 20.000000
v 0.680969 1.096820 0.000000
v 0.878680 0.878680 20.000000
v 0.878680 0.878680 0.000000
v 1.096820 0.680969 0.000000
v 1.096820 0.680969 20.000000
v 1.333289 0.505591 20.000000
v 1.333289 0.505591 0.000000
v 1.585810 0.354236 20.000000
v 1.585810 0.354236 0.000000
v 1.851950 0.228361 20.000000
v 1.851950 0.228361 0.000000
v 2.129146 0.129179 20.000000
v 2.129146 0.129179 0.000000
v 2.414729 0.057644 0.000000
v 2.414729 0.057644 20.000000
v 2.705949 0.014446 20.000000
v 2.705949 0.014446 0.000000
v 3.000000 0.000000 20.000000
v 3.000000 0.000000 0.000000
v 9.400000 0.000000 2.000000
v 9.400000 0.000000 20.000000
v 101.599998 0.000000 2.000000
v 108.000000 0.000000 20.000000
v 101.599998 0.000000 20.000000
v 108.000000 0.000000 0.000000
v 109.666710 0.505591 0.000000
v 110.121323 0.878680 0.000000
v 109.903183 0.680969 0.000000
v 110.645767 1.585810 0.000000
v 110.494408 1.333289 0.000000
v 110.319031 1.096820 0.000000
v 110.771637 1.851950 0.000000
v 109.148048 0.228361 0.000000
v 109.414192 0.354236 0.000000
v 110.942352 2.414729 0.000000
v 110.870819 2.129146 0.000000
v 108.585274 0.057644 0.000000
v 108.870857 0.129179 0.000000
v 108.294052 0.014446 0.000000
v 111.000000 3.000000 0.000000
v 110.985558 2.705949 0.000000
v 98.900002 21.299999 0.000000
v 111.000000 96.000000 0.000000
v 110.870819 96.870857 0.000000
v 110.942352 96.585274 0.000000
v 110.985558 96.294052 0.000000
v 110.494408 97.666710 0.000000
v 110.645767 97.414192 0.000000
v 110.771637 97.148048 0.000000
v 110.319031 97.903183 0.000000
v 110.121323 98.121323 0.000000
v 98.900002 86.900002 0.000000
v 109.903183 98.319031 0.000000
v 109.414192 98.645767 0.000000
v 109.666710 98.494408 0.000000
v 109.148048 98.771637 0.000000
v 108.294052 98.985558 0.000000
v 108.870857 98.870819 0.000000
v 108.585274 98.942352 0.000000
v 108.000000 99.000000 0.000000
v 12.100000 21.299999 0.000000
v 0.000000 96.000000 0.000000
v 12.100000 86.900002 0.000000
v 3.000000 99.000000 0.000000
v 0.129179 96.870857 0.000000
v 0.014446 96.294052 0.000000
v 0.057644 96.585274 0.000000
v 2.129146 98.870819 0.000000
v 2.705949 98.985558 0.000000
v 2.414729 98.942352 0.000000
v 1.585810 98.645767 0.000000
v 1.851950 98.771637 0.000000
v 0.505591 97.666710 0.000000
v 0.228361 97.148048 0.000000
v 0.354236 97.414192 0.000000
v 1.096820 98.319031 0.000000
v 1.333289 98.494408 0.000000
v 0.878680 98.121323 0.000000
v 0.680969 97.903183 0.000000
v 0.000000 96.000000 20.000000
v 2.705949 98.985558 20.000000
v 3.000000 99.000000 20.000000
v 2.414729 98.942352 20.000000
v 2.129146 98.870819 20.000000
v 1.851950 98.771637 20.000000
v 1.585810 98.645767 20.000000
v 1.333289 98.494408 20.000000
v 1.096820 98.319031 20.000000
v 0.878680 98.121323 20.000000
v 0.680969 97.903183 20.000000
v 0.505591 97.666710 20.000000
v 0.354236 97.414192 20.000000
v 0.228361 97.148048 20.000000
v 0.129179 96.870857 20.000000
v 0.057644 96.585274 20.000000
v 0.014446 96.294052 20.000000
v 108.000000 99.000000 20.000000
v 111.000000 96.000000 20.000000
v 110.985558 96.294052 20.000000
v 110.942352 96.585274 20.000000
v 110.870819 96.870857 20.000000
v 110.771637 97.148048 20.000000
v 110.645767 97.414192 20.000000
v 110.494408 97.666710 20.000000
v 110.319031 97.903183 20.000000
v 110.121323 98.121323 20.000000
v 109.903183 98.319031 20.000000
v 109.666710 98.494408 20.000000
v 109.414192 98.645767 20.000000
v 109.148048 98.771637 20.000000
v 108.870857 98.870819 20.000000
v 108.585274 98.942352 20.000000
v 108.294052 98.985558 20.000000
v 111.000000 69.000000 6.000000
v 111.000000 69.000000 20.000000
v 111.000000 3.000000 20.000000
v 111.000000 29.000000 6.000000
v 111.000000 29.000000 20.000000
v 108.599998 69.000000 20.000000
v 108.599998 69.000000 6.000000
v 108.599998 90.960266 2.000000
v 108.599998 90.960266 20.000000
v 108.599998 29.000000 6.000000
v 108.599998 8.039737 20.000000
v 108.599998 29.000000 20.000000
v 108.599998 8.039737 2.000000
v 108.294052 0.014446 20.000000
v 108.585274 0.057644 20.000000
v 108.870857 0.129179 20.000000
v 109.148048 0.228361 20.000000
v 109.414192 0.354236 20.000000
v 109.666710 0.505591 20.000000
v 109.903183 0.680969 20.000000
v 110.121323 0.878680 20.000000
v 110.319031 1.096820 20.000000
v 110.494408 1.333289 20.000000
v 110.645767 1.585810 20.000000
v 110.771637 1.851950 20.000000
v 110.870819 2.129146 20.000000
v 110.942352 2.414729 20.000000
v 110.985558 2.705949 20.000000
v 12.100000 86.900002 2.000000
v 98.900002 86.900002 2.000000
v 98.900002 21.299999 2.000000
v 12.100000 21.299999 2.000000
v 108.295006 8.276119 2.000000
v 108.285080 8.283049 20.000000
v 107.968651 8.482014 2.000000
v 107.947540 8.493864 20.000000
v 107.623978 8.655503 2.000000
v 107.590721 8.670095 20.000000
v 107.264191 8.794974 2.000000
v 107.218163 8.809998 20.000000
v 106.892639 8.899128 2.000000
v 106.833542 8.912188 20.000000
v 106.512779 8.966996 2.000000
v 106.440666 8.975653 20.000000
v 106.128143 8.997947 2.000000
v 106.043434 8.999764 20.000000
v 105.742317 8.991692 2.000000
v 105.645775 8.984284 20.000000
v 105.358894 8.948289 2.000000
v 105.251617 8.929366 20.000000
v 104.981438 8.868142 2.000000
v 104.864868 8.835554 20.000000
v 104.613457 8.751998 2.000000
v 104.489357 8.703774 20.000000
v 104.258377 8.600938 2.000000
v 103.599998 8.200000 5.600000
v 103.919510 8.416366 2.000000
v 103.599998 8.200000 2.000000
v 104.128792 8.535335 20.000000
v 103.786758 8.331900 20.000000
v 103.466629 8.095484 20.000000
v 103.303825 7.954763 5.600000
v 103.171570 7.828427 20.000000
v 103.032562 7.682220 5.600000
v 102.904518 7.533374 20.000000
v 102.788719 7.384888 5.600000
v 102.668098 7.213243 20.000000
v 102.574562 7.065517 5.600000
v 102.464668 6.871206 20.000000
v 102.392052 6.727058 5.600000
v 102.296227 6.510646 20.000000
v 102.242889 6.372639 5.600000
v 102.164444 6.135133 20.000000
v 102.128448 6.005534 5.600000
v 102.070633 5.748384 20.000000
v 102.049789 5.629137 5.600000
v 102.015717 5.354227 20.000000
v 102.007629 5.246926 5.600000
v 102.000237 4.956564 20.000000
v 102.002365 4.862432 5.600000
v 102.024345 4.559331 20.000000
v 102.034050 4.479210 5.600000
v 102.087814 4.166460 20.000000
v 102.102379 4.100801 5.600000
v 102.190002 3.781839 20.000000
v 102.206734 3.730702 5.600000
v 102.329903 3.409276 20.000000
v 102.346138 3.372333 5.600000
v 102.506134 3.052459 20.000000
v 102.519310 3.029006 5.600000
v 102.716949 2.714920 20.000000
v 102.724655 2.703893 5.600000
v 102.960266 2.400000 20.000000
v 102.960266 2.400000 5.600000
v 102.960266 96.599998 20.000000
v 102.960266 96.599998 2.000000
v 102.723885 96.295006 2.000000
v 102.716949 96.285080 20.000000
v 102.517990 95.968651 2.000000
v 102.506134 95.947540 20.000000
v 102.344498 95.623978 2.000000
v 102.329903 95.590721 20.000000
v 102.205025 95.264191 2.000000
v 102.190002 95.218163 20.000000
v 102.100868 94.892639 2.000000
v 102.087814 94.833542 20.000000
v 102.033005 94.512779 2.000000
v 102.024345 94.440666 20.000000
v 102.002052 94.128143 2.000000
v 102.000237 94.043434 20.000000
v 102.008308 93.742317 2.000000
v 102.015717 93.645775 20.000000
v 102.051712 93.358894 2.000000
v 102.070633 93.251617 20.000000
v 102.131859 92.981438 2.000000
v 102.164444 92.864868 20.000000
v 102.248001 92.613457 2.000000
v 102.296227 92.489357 20.000000
v 102.399063 92.258377 2.000000
v 102.800003 91.599998 5.600000
v 102.583633 91.919510 2.000000
v 102.800003 91.599998 2.000000
v 102.464668 92.128792 20.000000
v 102.668098 91.786758 20.000000
v 102.904518 91.466629 20.000000
v 103.041008 91.308472 5.600000
v 103.171570 91.171570 20.000000
v 103.308472 91.041008 5.600000
v 103.919510 90.583633 2.000000
v 103.599998 90.800003 5.600000
v 103.599998 90.800003 2.000000
v 103.466629 90.904518 20.000000
v 103.786758 90.668098 20.000000
v 104.128792 90.464668 20.000000
v 104.258377 90.399063 2.000000
v 104.489357 90.296227 20.000000
v 104.613457 90.248001 2.000000
v 104.864868 90.164444 20.000000
v 104.981438 90.131859 2.000000
v 105.251617 90.070633 20.000000
v 105.358894 90.051712 2.000000
v 105.645775 90.015717 20.000000
v 105.742317 90.008308 2.000000
v 106.043434 90.000237 20.000000
v 106.128143 90.002052 2.000000
v 106.440666 90.024345 20.000000
v 106.512779 90.033005 2.000000
v 106.833542 90.087814 20.000000
v 106.892639 90.100868 2.000000
v 107.218163 90.190002 20.000000
v 107.264191 90.205025 2.000000
v 107.590721 90.329903 20.000000
v 107.623978 90.344498 2.000000
v 107.947540 90.506134 20.000000
v 107.968651 90.517990 2.000000
v 108.285080 90.716949 20.000000
v 108.295006 90.723885 2.000000
v 8.039737 96.599998 2.000000
v 8.039737 96.599998 20.000000
v 8.406806 91.903893 2.000000
v 8.200000 91.599998 2.000000
v 8.584843 92.225487 2.000000
v 8.732605 92.562065 2.000000
v 8.848845 92.910789 2.000000
v 8.932583 93.268707 2.000000
v 8.983110 93.632805 2.000000
v 9.000000 94.000000 2.000000
v 8.984365 94.353333 2.000000
v 8.937578 94.703903 2.000000
v 8.860009 95.048965 2.000000
v 8.752262 95.385834 2.000000
v 8.615181 95.711861 2.000000
v 8.449836 96.024506 2.000000
v 8.257520 96.321327 2.000000
v 101.599998 2.400000 20.000000
v 101.599998 2.400000 5.600000
v 8.200000 91.599998 5.600000
v 106.779366 94.977287 20.000000
v 106.957558 94.803482 20.000000
v 106.872795 94.894836 20.000000
v 4.083685 4.149784 20.000000
v 4.172893 4.062774 20.000000
v 4.003584 4.245245 20.000000
v 4.270320 3.985077 20.000000
v 3.933386 4.348206 20.000000
v 4.375000 3.917468 20.000000
v 3.873789 4.457645 20.000000
v 4.485891 3.860618 20.000000
v 3.825384 4.572475 20.000000
v 4.601892 3.815091 20.000000
v 3.788653 4.691553 20.000000
v 4.721849 3.781340 20.000000
v 3.763962 4.813697 20.000000
v 4.844570 3.759701 20.000000
v 3.751554 4.937693 20.000000
v 4.968837 3.750389 20.000000
v 3.751554 5.062307 20.000000
v 5.093412 3.753495 20.000000
v 3.763962 5.186303 20.000000
v 5.217060 3.768990 20.000000
v 8.039737 2.400000 20.000000
v 5.338551 3.796720 20.000000
v 5.456676 3.836408 20.000000
v 5.570263 3.887660 20.000000
v 5.678183 3.949968 20.000000
v 5.779362 4.022711 20.000000
v 5.872796 4.105166 20.000000
v 5.957556 4.196516 20.000000
v 2.400000 8.039737 20.000000
v 3.873789 5.542355 20.000000
v 3.933386 5.651794 20.000000
v 3.825384 5.427525 20.000000
v 3.788653 5.308447 20.000000
v 4.172893 5.937226 20.000000
v 4.270320 6.014923 20.000000
v 4.083685 5.850216 20.000000
v 4.003584 5.754755 20.000000
v 8.257520 2.678672 20.000000
v 6.032798 4.295850 20.000000
v 2.713371 8.281970 20.000000
v 4.375000 6.082532 20.000000
v 8.449836 2.975492 20.000000
v 6.097777 4.402183 20.000000
v 3.049161 8.492023 20.000000
v 4.485891 6.139382 20.000000
v 9.400000 2.400000 20.000000
v 8.615181 3.288139 20.000000
v 6.151845 4.514456 20.000000
v 3.404079 8.667838 20.000000
v 4.601892 6.184909 20.000000
v 8.752262 3.614169 20.000000
v 6.194466 4.631556 20.000000
v 3.774646 8.807691 20.000000
v 4.721849 6.218660 20.000000
v 8.860009 3.951034 20.000000
v 6.225215 4.752317 20.000000
v 4.157226 8.910209 20.000000
v 4.844570 6.240299 20.000000
v 8.937578 4.296100 20.000000
v 6.243788 4.875540 20.000000
v 4.548070 8.974388 20.000000
v 4.968837 6.249611 20.000000
v 8.984365 4.646669 20.000000
v 6.250000 5.000000 20.000000
v 4.943345 8.999599 20.000000
v 5.093412 6.246505 20.000000
v 9.000000 5.000000 20.000000
v 5.339176 8.985594 20.000000
v 5.217060 6.231009 20.000000
v 8.980391 5.395592 20.000000
v 6.243788 5.124460 20.000000
v 5.731680 8.932511 20.000000
v 5.338551 6.203280 20.000000
v 8.921753 5.787306 20.000000
v 6.225215 5.247683 20.000000
v 6.117012 8.840871 20.000000
v 5.456676 6.163592 20.000000
v 8.824664 6.171300 20.000000
v 6.194466 5.368444 20.000000
v 6.491390 8.711571 20.000000
v 5.570263 6.112340 20.000000
v 8.690075 6.543810 20.000000
v 6.151845 5.485544 20.000000
v 6.851146 8.545879 20.000000
v 5.678183 6.050033 20.000000
v 8.519304 6.901183 20.000000
v 6.097777 5.597817 20.000000
v 7.192751 8.345421 20.000000
v 5.779362 5.977289 20.000000
v 8.314028 7.239915 20.000000
v 6.032798 5.704150 20.000000
v 7.512857 8.112162 20.000000
v 5.872796 5.894834 20.000000
v 8.076258 7.556685 20.000000
v 5.957556 5.803484 20.000000
v 7.808325 7.848387 20.000000
v 2.400000 90.960266 20.000000
v 4.172893 93.062775 20.000000
v 4.083685 93.149780 20.000000
v 4.003584 93.245247 20.000000
v 4.270320 92.985077 20.000000
v 2.713371 90.718033 20.000000
v 3.933386 93.348206 20.000000
v 4.375000 92.917465 20.000000
v 3.049161 90.507980 20.000000
v 3.873789 93.457642 20.000000
v 4.485891 92.860619 20.000000
v 3.404079 90.332161 20.000000
v 3.825384 93.572472 20.000000
v 4.601892 92.815094 20.000000
v 3.774646 90.192307 20.000000
v 3.788653 93.691551 20.000000
v 4.721849 92.781342 20.000000
v 4.157226 90.089790 20.000000
v 3.763962 93.813698 20.000000
v 4.844570 92.759705 20.000000
v 4.548070 90.025612 20.000000
v 3.751554 93.937691 20.000000
v 4.968837 92.750389 20.000000
v 4.943345 90.000404 20.000000
v 3.751554 94.062309 20.000000
v 5.093412 92.753494 20.000000
v 5.339176 90.014404 20.000000
v 3.763962 94.186302 20.000000
v 5.217060 92.768990 20.000000
v 5.731680 90.067490 20.000000
v 3.788653 94.308449 20.000000
v 5.338551 92.796722 20.000000
v 6.117012 90.159126 20.000000
v 3.825384 94.427528 20.000000
v 5.456676 92.836411 20.000000
v 6.491390 90.288429 20.000000
v 3.873789 94.542358 20.000000
v 5.570263 92.887657 20.000000
v 6.851146 90.454124 20.000000
v 3.933386 94.651794 20.000000
v 5.678183 92.949966 20.000000
v 7.192751 90.654579 20.000000
v 4.003584 94.754753 20.000000
v 5.779362 93.022713 20.000000
v 7.512857 90.887840 20.000000
v 4.083685 94.850220 20.000000
v 5.872796 93.105164 20.000000
v 7.808325 91.151611 20.000000
v 5.957556 93.196518 20.000000
v 4.172893 94.937225 20.000000
v 8.076258 91.443314 20.000000
v 6.032798 93.295853 20.000000
v 8.314028 91.760086 20.000000
v 6.097777 93.402184 20.000000
v 8.519304 92.098816 20.000000
v 6.151845 93.514458 20.000000
v 8.690075 92.456192 20.000000
v 6.194466 93.631554 20.000000
v 4.270320 95.014923 20.000000
v 8.824664 92.828697 20.000000
v 6.225215 93.752319 20.000000
v 5.093412 95.246506 20.000000
v 5.217060 95.231010 20.000000
v 4.968837 95.249611 20.000000
v 4.844570 95.240295 20.000000
v 4.721849 95.218658 20.000000
v 4.601892 95.184906 20.000000
v 4.485891 95.139381 20.000000
v 4.375000 95.082535 20.000000
v 8.921753 93.212692 20.000000
v 6.243788 93.875542 20.000000
v 8.980391 93.604408 20.000000
v 6.250000 94.000000 20.000000
v 9.000000 94.000000 20.000000
v 8.984365 94.353333 20.000000
v 6.243788 94.124458 20.000000
v 8.937578 94.703903 20.000000
v 6.225215 94.247681 20.000000
v 8.860009 95.048965 20.000000
v 6.194466 94.368446 20.000000
v 8.752262 95.385834 20.000000
v 6.151845 94.485542 20.000000
v 8.615181 95.711861 20.000000
v 6.097777 94.597816 20.000000
v 8.449836 96.024506 20.000000
v 6.032798 94.704147 20.000000
v 8.257520 96.321327 20.000000
v 5.957556 94.803482 20.000000
v 5.872796 94.894836 20.000000
v 5.779362 94.977287 20.000000
v 5.678183 95.050034 20.000000
v 5.570263 95.112343 20.000000
v 5.456676 95.163589 20.000000
v 5.338551 95.203278 20.000000
v 105.083687 93.149780 20.000000
v 105.172890 93.062775 20.000000
v 105.003586 93.245247 20.000000
v 105.270317 92.985077 20.000000
v 104.933388 93.348206 20.000000
v 105.375000 92.917465 20.000000
v 104.873787 93.457642 20.000000
v 105.485893 92.860619 20.000000
v 104.825386 93.572472 20.000000
v 105.601891 92.815094 20.000000
v 104.788651 93.691551 20.000000
v 105.721848 92.781342 20.000000
v 104.763962 93.813698 20.000000
v 105.844574 92.759705 20.000000
v 104.751556 93.937691 20.000000
v 105.968834 92.750389 20.000000
v 104.751556 94.062309 20.000000
v 106.093414 92.753494 20.000000
v 104.763962 94.186302 20.000000
v 106.217064 92.768990 20.000000
v 104.788651 94.308449 20.000000
v 106.338554 92.796722 20.000000
v 104.825386 94.427528 20.000000
v 106.456673 92.836411 20.000000
v 104.873787 94.542358 20.000000
v 106.570267 92.887657 20.000000
v 104.933388 94.651794 20.000000
v 106.678185 92.949966 20.000000
v 105.003586 94.754753 20.000000
v 106.779366 93.022713 20.000000
v 105.083687 94.850220 20.000000
v 106.872795 93.105164 20.000000
v 105.172890 94.937225 20.000000
v 106.957558 93.196518 20.000000
v 105.270317 95.014923 20.000000
v 107.032799 93.295853 20.000000
v 105.375000 95.082535 20.000000
v 107.097778 93.402184 20.000000
v 105.485893 95.139381 20.000000
v 107.151848 93.514458 20.000000
v 105.601891 95.184906 20.000000
v 107.194466 93.631554 20.000000
v 105.721848 95.218658 20.000000
v 107.225212 93.752319 20.000000
v 105.844574 95.240295 20.000000
v 106.678185 95.050034 20.000000
v 106.570267 95.112343 20.000000
v 106.456673 95.163589 20.000000
v 106.338554 95.203278 20.000000
v 106.217064 95.231010 20.000000
v 106.093414 95.246506 20.000000
v 105.968834 95.249611 20.000000
v 107.243790 93.875542 20.000000
v 107.250000 94.000000 20.000000
v 107.243790 94.124458 20.000000
v 107.225212 94.247681 20.000000
v 107.194466 94.368446 20.000000
v 107.151848 94.485542 20.000000
v 107.097778 94.597816 20.000000
v 107.032799 94.704147 20.000000
v 9.400000 2.400000 5.600000
v 8.039737 2.400000 5.600000
v 2.400000 8.039737 2.000000
v 2.400000 90.960266 2.000000
v 2.704996 8.276119 2.000000
v 2.704996 90.723885 2.000000
v 3.031350 90.517990 2.000000
v 3.031350 8.482014 2.000000
v 3.376024 8.655503 2.000000
v 3.376024 90.344498 2.000000
v 3.735812 8.794974 2.000000
v 3.735812 90.205025 2.000000
v 4.107365 90.100868 2.000000
v 4.107365 8.899128 2.000000
v 4.487224 90.033005 2.000000
v 4.487224 8.966996 2.000000
v 4.871855 90.002052 2.000000
v 4.871855 8.997947 2.000000
v 5.257679 90.008308 2.000000
v 5.257679 8.991692 2.000000
v 5.641105 90.051712 2.000000
v 5.641105 8.948289 2.000000
v 6.018565 90.131859 2.000000
v 6.018565 8.868142 2.000000
v 6.386546 90.248001 2.000000
v 6.386546 8.751998 2.000000
v 6.741623 90.399063 2.000000
v 6.741623 8.600938 2.000000
v 7.080492 90.583633 2.000000
v 7.080492 8.416366 2.000000
v 7.400000 90.800003 2.000000
v 7.400000 8.200000 2.000000
v 107.250000 94.000000 12.000000
v 107.243790 94.124458 12.000000
v 107.225212 94.247681 12.000000
v 107.194466 94.368446 12.000000
v 107.151848 94.485542 12.000000
v 107.097778 94.597816 12.000000
v 107.032799 94.704147 12.000000
v 106.957558 94.803482 12.000000
v 106.872795 94.894836 12.000000
v 106.779366 94.977287 12.000000
v 106.678185 95.050034 12.000000
v 106.570267 95.112343 12.000000
v 106.456673 95.163589 12.000000
v 106.338554 95.203278 12.000000
v 106.217064 95.231010 12.000000
v 106.093414 95.246506 12.000000
v 105.968834 95.249611 12.000000
v 105.844574 95.240295 12.000000
v 105.721848 95.218658 12.000000
v 105.601891 95.184906 12.000000
v 105.485893 95.139381 12.000000
v 105.375000 95.082535 12.000000
v 105.270317 95.014923 12.000000
v 105.172890 94.937225 12.000000
v 105.083687 94.850220 12.000000
v 105.003586 94.754753 12.000000
v 104.933388 94.651794 12.000000
v 104.873787 94.542358 12.000000
v 104.825386 94.427528 12.000000
v 104.788651 94.308449 12.000000
v 104.763962 94.186302 12.000000
v 104.751556 94.062309 12.000000
v 104.751556 93.937691 12.000000
v 104.763962 93.813698 12.000000
v 104.788651 93.691551 12.000000
v 104.825386 93.572472 12.000000
v 104.873787 93.457642 12.000000
v 104.933388 93.348206 12.000000
v 105.003586 93.245247 12.000000
v 105.083687 93.149780 12.000000
v 105.172890 93.062775 12.000000
v 105.270317 92.985077 12.000000
v 105.375000 92.917465 12.000000
v 105.485893 92.860619 12.000000
v 105.601891 92.815094 12.000000
v 105.721848 92.781342 12.000000
v 105.844574 92.759705 12.000000
v 105.968834 92.750389 12.000000
v 106.093414 92.753494 12.000000
v 106.217064 92.768990 12.000000
v 106.338554 92.796722 12.000000
v 106.456673 92.836411 12.000000
v 106.570267 92.887657 12.000000
v 106.678185 92.949966 12.000000
v 106.779366 93.022713 12.000000
v 106.872795 93.105164 12.000000
v 106.957558 93.196518 12.000000
v 107.032799 93.295853 12.000000
v 107.097778 93.402184 12.000000
v 107.151848 93.514458 12.000000
v 107.194466 93.631554 12.000000
v 107.225212 93.752319 12.000000
v 107.243790 93.875542 12.000000
v 6.250000 94.000000 12.000000
v 6.243788 94.124458 12.000000
v 6.225215 94.247681 12.000000
v 6.194466 94.368446 12.000000
v 6.151845 94.485542 12.000000
v 6.097777 94.597816 12.000000
v 6.032798 94.704147 12.000000
v 5.957556 94.803482 12.000000
v 5.872796 94.894836 12.000000
v 5.779362 94.977287 12.000000
v 5.678183 95.050034 12.000000
v 5.570263 95.112343 12.000000
v 5.456676 95.163589 12.000000
v 5.338551 95.203278 12.000000
v 5.217060 95.231010 12.000000
v 5.093412 95.246506 12.000000
v 4.968837 95.249611 12.000000
v 4.844570 95.240295 12.000000
v 4.721849 95.218658 12.000000
v 4.601892 95.184906 12.000000
v 4.485891 95.139381 12.000000
v 4.375000 95.082535 12.000000
v 4.270320 95.014923 12.000000
v 4.172893 94.937225 12.000000
v 4.083685 94.850220 12.000000
v 4.003584 94.754753 12.000000
v 3.933386 94.651794 12.000000
v 3.873789 94.542358 12.000000
v 3.825384 94.427528 12.000000
v 3.788653 94.308449 12.000000
v 3.763962 94.186302 12.000000
v 3.751554 94.062309 12.000000
v 3.751554 93.937691 12.000000
v 3.763962 93.813698 12.000000
v 3.788653 93.691551 12.000000
v 3.825384 93.572472 12.000000
v 3.873789 93.457642 12.000000
v 3.933386 93.348206 12.000000
v 4.003584 93.245247 12.000000
v 4.083685 93.149780 12.000000
v 4.172893 93.062775 12.000000
v 4.270320 92.985077 12.000000
v 4.375000 92.917465 12.000000
v 4.485891 92.860619 12.000000
v 4.601892 92.815094 12.000000
v 4.721849 92.781342 12.000000
v 4.844570 92.759705 12.000000
v 4.968837 92.750389 12.000000
v 5.093412 92.753494 12.000000
v 5.217060 92.768990 12.000000
v 5.338551 92.796722 12.000000
v 5.456676 92.836411 12.000000
v 5.570263 92.887657 12.000000
v 5.678183 92.949966 12.000000
v 5.779362 93.022713 12.000000
v 5.872796 93.105164 12.000000
v 5.957556 93.196518 12.000000
v 6.032798 93.295853 12.000000
v 6.097777 93.402184 12.000000
v 6.151845 93.514458 12.000000
v 6.194466 93.631554 12.000000
v 6.225215 93.752319 12.000000
v 6.243788 93.875542 12.000000
v 6.250000 5.000000 12.000000
v 6.243788 5.124460 12.000000
v 6.225215 5.247683 12.000000
v 6.194466 5.368444 12.000000
v 6.151845 5.485544 12.000000
v 6.097777 5.597817 12.000000
v 6.032798 5.704150 12.000000
v 5.957556 5.803484 12.000000
v 5.872796 5.894834 12.000000
v 5.779362 5.977289 12.000000
v 5.678183 6.050033 12.000000
v 5.570263 6.112340 12.000000
v 5.456676 6.163592 12.000000
v 5.338551 6.203280 12.000000
v 5.217060 6.231009 12.000000
v 5.093412 6.246505 12.000000
v 4.968837 6.249611 12.000000
v 4.844570 6.240299 12.000000
v 4.721849 6.218660 12.000000
v 4.601892 6.184909 12.000000
v 4.485891 6.139382 12.000000
v 4.375000 6.082532 12.000000
v 4.270320 6.014923 12.000000
v 4.172893 5.937226 12.000000
v 4.083685 5.850216 12.000000
v 4.003584 5.754755 12.000000
v 3.933386 5.651794 12.000000
v 3.873789 5.542355 12.000000
v 3.825384 5.427525 12.000000
v 3.788653 5.308447 12.000000
v 3.763962 5.186303 12.000000
v 3.751554 5.062307 12.000000
v 3.751554 4.937693 12.000000
v 3.763962 4.813697 12.000000
v 3.788653 4.691553 12.000000
v 3.825384 4.572475 12.000000
v 3.873789 4.457645 12.000000
v 3.933386 4.348206 12.000000
v 4.003584 4.245245 12.000000
v 4.083685 4.149784 12.000000
v 4.172893 4.062774 12.000000
v 4.270320 3.985077 12.000000
v 4.375000 3.917468 12.000000
v 4.485891 3.860618 12.000000
v 4.601892 3.815091 12.000000
v 4.721849 3.781340 12.000000
v 4.844570 3.759701 12.000000
v 4.968837 3.750389 12.000000
v 5.093412 3.753495 12.000000
v 5.217060 3.768990 12.000000
v 5.338551 3.796720 12.000000
v 5.456676 3.836408 12.000000
v 5.570263 3.887660 12.000000
v 5.678183 3.949968 12.000000
v 5.779362 4.022711 12.000000
v 5.872796 4.105166 12.000000
v 5.957556 4.196516 12.000000
v 6.032798 4.295850 12.000000
v 6.097777 4.402183 12.000000
v 6.151845 4.514456 12.000000
v 6.194466 4.631556 12.000000
v 6.225215 4.752317 12.000000
v 6.243788 4.875540 12.000000
v 105.172890 4.062774 20.000000
v 105.083687 4.149784 20.000000
v 105.003586 4.245245 20.000000
v 105.270317 3.985077 20.000000
v 104.933388 4.348206 20.000000
v 105.375000 3.917468 20.000000
v 104.873787 4.457645 20.000000
v 105.485893 3.860618 20.000000
v 104.825386 4.572475 20.000000
v 105.601891 3.815091 20.000000
v 104.788651 4.691553 20.000000
v 105.721848 3.781340 20.000000
v 104.763962 4.813697 20.000000
v 105.844574 3.759701 20.000000
v 104.751556 4.937693 20.000000
v 105.968834 3.750389 20.000000
v 104.751556 5.062307 20.000000
v 106.093414 3.753495 20.000000
v 104.763962 5.186303 20.000000
v 106.217064 3.768990 20.000000
v 104.788651 5.308447 20.000000
v 106.338554 3.796720 20.000000
v 104.825386 5.427525 20.000000
v 106.456673 3.836408 20.000000
v 104.873787 5.542355 20.000000
v 106.570267 3.887660 20.000000
v 104.933388 5.651794 20.000000
v 106.678185 3.949968 20.000000
v 105.003586 5.754755 20.000000
v 106.779366 4.022711 20.000000
v 105.083687 5.850216 20.000000
v 106.872795 4.105166 20.000000
v 105.172890 5.937226 20.000000
v 105.270317 6.014923 20.000000
v 106.957558 4.196516 20.000000
v 105.375000 6.082532 20.000000
v 105.485893 6.139382 20.000000
v 105.601891 6.184909 20.000000
v 107.032799 4.295850 20.000000
v 105.721848 6.218660 20.000000
v 107.097778 4.402183 20.000000
v 107.151848 4.514456 20.000000
v 107.194466 4.631556 20.000000
v 107.225212 4.752317 20.000000
v 107.243790 4.875540 20.000000
v 107.250000 5.000000 20.000000
v 107.243790 5.124460 20.000000
v 107.225212 5.247683 20.000000
v 105.844574 6.240299 20.000000
v 105.968834 6.249611 20.000000
v 106.093414 6.246505 20.000000
v 106.217064 6.231009 20.000000
v 106.338554 6.203280 20.000000
v 106.456673 6.163592 20.000000
v 106.570267 6.112340 20.000000
v 106.678185 6.050033 20.000000
v 106.779366 5.977289 20.000000
v 107.194466 5.368444 20.000000
v 107.151848 5.485544 20.000000
v 107.097778 5.597817 20.000000
v 107.032799 5.704150 20.000000
v 106.957558 5.803484 20.000000
v 106.872795 5.894834 20.000000
v 107.250000 5.000000 12.000000
v 107.243790 5.124460 12.000000
v 107.225212 5.247683 12.000000
v 107.194466 5.368444 12.000000
v 107.151848 5.485544 12.000000
v 107.097778 5.597817 12.000000
v 107.032799 5.704150 12.000000
v 106.957558 5.803484 12.000000
v 106.872795 5.894834 12.000000
v 106.779366 5.977289 12.000000
v 106.678185 6.050033 12.000000
v 106.570267 6.112340 12.000000
v 106.456673 6.163592 12.000000
v 106.338554 6.203280 12.000000
v 106.217064 6.231009 12.000000
v 106.093414 6.246505 12.000000
v 105.968834 6.249611 12.000000
v 105.844574 6.240299 12.000000
v 105.721848 6.218660 12.000000
v 105.601891 6.184909 12.000000
v 105.485893 6.139382 12.000000
v 105.375000 6.082532 12.000000
v 105.270317 6.014923 12.000000
v 105.172890 5.937226 12.000000
v 105.083687 5.850216 12.000000
v 105.003586 5.754755 12.000000
v 104.933388 5.651794 12.000000
v 104.873787 5.542355 12.000000
v 104.825386 5.427525 12.000000
v 104.788651 5.308447 12.000000
v 104.763962 5.186303 12.000000
v 104.751556 5.062307 12.000000
v 104.751556 4.937693 12.000000
v 104.763962 4.813697 12.000000
v 104.788651 4.691553 12.000000
v 104.825386 4.572475 12.000000
v 104.873787 4.457645 12.000000
v 104.933388 4.348206 12.000000
v 105.003586 4.245245 12.000000
v 105.083687 4.149784 12.000000
v 105.172890 4.062774 12.000000
v 105.270317 3.985077 12.000000
v 105.375000 3.917468 12.000000
v 105.485893 3.860618 12.000000
v 105.601891 3.815091 12.000000
v 105.721848 3.781340 12.000000
v 105.844574 3.759701 12.000000
v 105.968834 3.750389 12.000000
v 106.093414 3.753495 12.000000
v 106.217064 3.768990 12.000000
v 106.338554 3.796720 12.000000
v 106.456673 3.836408 12.000000
v 106.570267 3.887660 12.000000
v 106.678185 3.949968 12.000000
v 106.779366 4.022711 12.000000
v 106.872795 4.105166 12.000000
v 106.957558 4.196516 12.000000
v 107.032799 4.295850 12.000000
v 107.097778 4.402183 12.000000
v 107.151848 4.514456 12.000000
v 107.194466 4.631556 12.000000
v 107.225212 4.752317 12.000000
v 107.243790 4.875540 12.000000
v 9.400000 2.400000 4.000000
v 9.400000 89.599998 2.000000
v 9.400000 89.599998 4.000000
v 101.599998 2.400000 4.000000
v 99.400002 2.400000 4.000000
v 99.400002 2.400000 5.600000
v 99.400002 89.599998 4.000000
v 99.400002 89.599998 5.600000
v 11.600000 2.400000 4.000000
v 11.600000 2.400000 5.600000
v 11.600000 89.599998 4.000000
v 11.600000 89.599998 5.600000
v 101.599998 89.599998 2.000000
v 101.599998 89.599998 4.000000
v 8.257520 2.678672 5.600000
v 8.449836 2.975492 5.600000
v 8.615181 3.288139 5.600000
v 8.752262 3.614169 5.600000
v 8.860009 3.951034 5.600000
v 8.937578 4.296100 5.600000
v 8.984365 4.646669 5.600000
v 9.000000 5.000000 5.600000
v 8.982815 5.370387 5.600000
v 8.931407 5.737591 5.600000
v 8.846218 6.098457 5.600000
v 8.727980 6.449885 5.600000
v 8.577709 6.788855 5.600000
v 8.396696 7.112453 5.600000
v 7.948917 7.702571 5.600000
v 8.186497 7.417900 5.600000
v 7.685998 7.964020 5.600000
v 7.400000 8.200000 5.600000
v 7.691532 91.041008 5.600000
v 7.400000 90.800003 5.600000
v 7.958996 91.308472 5.600000
vn -0.998795 -0.049068 0.000000
vn -0.998795 -0.049068 -0.000000
vn -0.989177 -0.146731 -0.000000
vn -0.970031 -0.242980 -0.000000
vn -0.989177 -0.146731 0.000000
vn -0.970031 -0.242980 -0.000000
vn -0.941544 -0.336890 -0.000000
vn -0.903989 -0.427555 -0.000000
vn -0.941544 -0.336890 0.000000
vn -0.857729 -0.514103 -0.000000
vn -0.903989 -0.427555 -0.000000
vn -0.857729 -0.514103 -0.000000
vn -0.803208 -0.595699 -0.000000
vn -0.803208 -0.595699 0.000000
vn -0.740951 -0.671559 -0.000000
vn -0.671559 -0.740951 -0.000000
vn -0.740951 -0.671559 0.000000
vn -0.671559 -0.740951 -0.000000
vn -0.595699 -0.803208 -0.000000
vn -0.595699 -0.803208 0.000000
vn -0.514103 -0.857729 -0.000000
vn -0.514103 -0.857729 0.000000
vn -0.427555 -0.903989 -0.000000
vn -0.427555 -0.903989 0.000000
vn -0.336890 -0.941544 -0.000000
vn -0.242980 -0.970031 -0.000000
vn -0.336890 -0.941544 0.000000
vn -0.242980 -0.970031 -0.000000
vn -0.146731 -0.989177 -0.000000
vn -0.146731 -0.989177 0.000000
vn -0.049068 -0.998795 -0.000000
vn -0.049068 -0.998795 0.000000
vn -0.000000 -1.000000 0.000000
vn 0.000000 -1.000000 0.000000
vn 0.000000 -1.000000 0.000000
vn 0.000000 -1.000000 0.000000
vn 0.000000 -1.000000 0.000000
vn 0.000000 -1.000000 0.000000
vn 0.000000 0.000000 -1.000000
vn 0.000000 0.000000 -1.000000
vn 0.000000 0.000000 -1.000000
vn 0.000000 0.000000 -1.000000
vn 0.000000 0.000000 -1.000000
vn 0.000000 0.000000 -1.000000
vn 0.000000 0.000000 -1.000000
vn 0.000000 0.000000 -1.000000
vn 0.000000 0.000000 -1.000000
vn 0.000000 0.000000 -1.000000
vn 0.000000 0.000000 -1.000000
vn 0.000000 0.000000 -1.000000
vn 0.000000 0.000000 -1.000000
vn 0.000000 0.000000 -1.000000
vn 0.000000 0.000000 -1.000000
vn 0.000000 0.000000 -1.000000
vn 0.000000 -0.000000 -1.000000
vn 0.000000 0.000000 -1.000000
vn 0.000000 0.000000 -1.000000
vn 0.000000 0.000000 -1.000000
vn 0.000000 0.000000 -1.000000
vn 0.000000 0.000000 -1.000000
vn 0.000000 0.000000 -1.000000
vn 0.000000 0.000000 -1.000000
vn 0.000000 0.000000 -1.000000
vn 0.000000 0.000000 -1.000000
vn 0.000000 0.000000 -1.000000
vn 0.000000 0.000000 -1.000000
vn 0.000000 0.000000 -1.000000
vn 0.000000 0.000000 -1.000000
vn 0.000000 0.000000 -1.000000
vn 0.000000 -0.000000 -1.000000
vn 0.000000 0.000000 -1.000000
vn 0.000000 0.000000 -1.000000
vn 0.000000 0.000000 -1.000000
vn 0.000000 0.000000 -1.000000
vn 0.000000 0.000000 -1.000000
vn 0.000000 0.000000 -1.000000
vn 0.000000 0.000000 -1.000000
vn 0.000000 0.000000 -1.000000
vn 0.000000 0.000000 -1.000000
vn 0.000000 0.000000 -1.000000
vn 0.000000 0.000000 -1.000000
vn 0.000000 0.000000 -1.000000
vn 0.000000 0.000000 -1.000000
vn 0.000000 0.000000 -1.000000
vn 0.000000 0.000000 -1.000000
vn 0.000000 0.000000 -1.000000
vn 0.000000 0.000000 -1.000000
vn 0.000000 0.000000 -1.000000
vn 0.000000 -0.000000 -1.000000
vn 0.000000 0.000000 -1.000000
vn 0.000000 0.000000 -1.000000
vn 0.000000 0.000000 -1.000000
vn 0.000000 -0.000000 -1.000000
vn 0.000000 0.000000 -1.000000
vn 0.000000 0.000000 -1.000000
vn 0.000000 0.000000 -1.000000
vn 0.000000 0.000000 -1.000000
vn 0.000000 -0.000000 -1.000000
vn 0.000000 0.000000 -1.000000
vn 0.000000 0.000000 -1.000000
vn 0.000000 0.000000 -1.000000
vn 0.000000 -0.000000 -1.000000
vn 0.000000 0.000000 -1.000000
vn 0.000000 0.000000 -1.000000
vn 0.000000 -0.000000 -1.000000
vn 0.000000 0.000000 -1.000000
vn 0.000000 0.000000 -1.000000
vn 0.000000 -0.000000 -1.000000
vn 0.000000 0.000000 -1.000000
vn 0.000000 0.000000 -1.000000
vn -1.000000 0.000000 0.000000
vn -1.000000 0.000000 0.000000
vn -0.049056 0.998796 0.000000
vn -0.049056 0.998796 0.000000
vn -0.146754 0.989173 0.000000
vn -0.242975 0.970033 0.000000
vn -0.146754 0.989173 0.000000
vn -0.242975 0.970033 0.000000
vn -0.336889 0.941544 0.000000
vn -0.427541 0.903996 0.000000
vn -0.336889 0.941544 0.000000
vn -0.514114 0.857722 0.000000
vn -0.427541 0.903996 0.000000
vn -0.514114 0.857722 0.000000
vn -0.595698 0.803208 0.000000
vn -0.595698 0.803208 0.000000
vn -0.671554 0.740956 0.000000
vn -0.671554 0.740956 0.000000
vn -0.740950 0.671560 0.000000
vn -0.803212 0.595693 0.000000
vn -0.740950 0.671560 0.000000
vn -0.857726 0.514107 0.000000
vn -0.803212 0.595693 0.000000
vn -0.857726 0.514107 0.000000
vn -0.903992 0.427550 0.000000
vn -0.903992 0.427550 0.000000
vn -0.941542 0.336895 0.000000
vn -0.941542 0.336895 0.000000
vn -0.970031 0.242980 0.000000
vn -0.970031 0.242980 0.000000
vn -0.989177 0.146729 0.000000
vn -0.998795 0.049068 0.000000
vn -0.989177 0.146729 0.000000
vn -0.998795 0.049068 0.000000
vn 0.000000 1.000000 0.000000
vn 0.000000 1.000000 0.000000
vn 0.998796 0.049056 0.000000
vn 0.989173 0.146752 0.000000
vn 0.998796 0.049056 0.000000
vn 0.989173 0.146752 0.000000
vn 0.970033 0.242975 0.000000
vn 0.970033 0.242975 0.000000
vn 0.941542 0.336895 0.000000
vn 0.941542 0.336895 0.000000
vn 0.903998 0.427536 0.000000
vn 0.903998 0.427536 0.000000
vn 0.857719 0.514118 0.000000
vn 0.803213 0.595692 0.000000
vn 0.857719 0.514118 0.000000
vn 0.803213 0.595692 0.000000
vn 0.740955 0.671555 0.000000
vn 0.740955 0.671555 0.000000
vn 0.671555 0.740955 0.000000
vn 0.595692 0.803213 0.000000
vn 0.671555 0.740955 0.000000
vn 0.595692 0.803213 0.000000
vn 0.514118 0.857719 0.000000
vn 0.514118 0.857719 0.000000
vn 0.427536 0.903998 0.000000
vn 0.427536 0.903998 0.000000
vn 0.336895 0.941542 0.000000
vn 0.242975 0.970033 0.000000
vn 0.336895 0.941542 0.000000
vn 0.242975 0.970033 0.000000
vn 0.146752 0.989173 0.000000
vn 0.146752 0.989173 0.000000
vn 0.049056 0.998796 0.000000
vn 0.049056 0.998796 0.000000
vn 1.000000 -0.000000 0.000000
vn 1.000000 -0.000000 0.000000
vn 1.000000 -0.000000 0.000000
vn 1.000000 0.000000 0.000000
vn 1.000000 0.000000 0.000000
vn 1.000000 0.000000 0.000000
vn 0.000000 -1.000000 0.000000
vn 0.000000 -1.000000 0.000000
vn -1.000000 0.000000 0.000000
vn -1.000000 0.000000 0.000000
vn -1.000000 0.000000 0.000000
vn -1.000000 0.000000 0.000000
vn -1.000000 0.000000 0.000000
vn -1.000000 -0.000000 0.000000
vn 0.049068 -0.998795 0.000000
vn 0.049068 -0.998795 0.000000
vn 0.146729 -0.989177 0.000000
vn 0.242980 -0.970031 0.000000
vn 0.146729 -0.989177 0.000000
vn 0.242980 -0.970031 0.000000
vn 0.336895 -0.941542 0.000000
vn 0.336895 -0.941542 0.000000
vn 0.427550 -0.903992 0.000000
vn 0.514107 -0.857726 0.000000
vn 0.427550 -0.903992 0.000000
vn 0.514107 -0.857726 0.000000
vn 0.595693 -0.803212 0.000000
vn 0.595693 -0.803212 0.000000
vn 0.671560 -0.740950 0.000000
vn 0.671560 -0.740950 0.000000
vn 0.740956 -0.671554 0.000000
vn 0.740956 -0.671554 0.000000
vn 0.803208 -0.595698 0.000000
vn 0.803208 -0.595698 0.000000
vn 0.857722 -0.514114 0.000000
vn 0.903996 -0.427541 0.000000
vn 0.857722 -0.514114 0.000000
vn 0.903996 -0.427541 0.000000
vn 0.941544 -0.336889 0.000000
vn 0.941544 -0.336889 0.000000
vn 0.970033 -0.242975 0.000000
vn 0.970033 -0.242975 0.000000
vn 0.989173 -0.146754 0.000000
vn 0.998796 -0.049056 0.000000
vn 0.989173 -0.146754 0.000000
vn 0.998796 -0.049056 0.000000
vn 0.000000 -1.000000 0.000000
vn 0.000000 -1.000000 0.000000
vn -1.000000 0.000000 0.000000
vn -1.000000 0.000000 0.000000
vn 0.000000 1.000000 0.000000
vn 0.000000 1.000000 0.000000
vn 1.000000 0.000000 0.000000
vn 1.000000 -0.000000 0.000000
vn 0.000000 1.000000 0.000000
vn 0.000000 1.000000 0.000000
vn 0.000000 0.000000 1.000000
vn 0.000000 0.000000 1.000000
vn 0.612593 0.790399 0.000000
vn 0.533577 0.845751 -0.000031
vn 0.611394 0.791327 0.000033
vn 0.449602 0.893229 -0.000061
vn 0.529734 0.848164 0.000063
vn 0.361442 0.932395 -0.000088
vn 0.442830 0.896606 0.000091
vn 0.269916 0.962884 -0.000113
vn 0.351548 0.936170 0.000118
vn 0.175881 0.984411 -0.000137
vn 0.256782 0.966469 0.000142
vn 0.080208 0.996778 -0.000158
vn 0.159473 0.987202 0.000164
vn -0.016210 0.999869 -0.000177
vn 0.060588 0.998163 0.000184
vn -0.038898 0.999243 0.000203
vn -0.112480 0.993654 -0.000194
vn -0.137998 0.990433 0.000219
vn -0.207703 0.978192 -0.000210
vn -0.235730 0.971819 0.000233
vn -0.300989 0.953628 -0.000223
vn -0.331136 0.943583 0.000245
vn -0.391473 0.920190 -0.000234
vn -0.560711 0.828012 0.000000
vn -0.423249 0.906013 0.000255
vn -0.478324 0.878183 -0.000243
vn -0.562810 0.826586 -0.000272
vn -0.511194 0.859465 0.000263
vn -0.594064 0.804418 0.000336
vn -0.637765 0.770231 -0.000316
vn -0.671049 0.741413 0.000341
vn -0.708770 0.705440 -0.000321
vn -0.741413 0.671049 0.000344
vn -0.773228 0.634128 -0.000321
vn -0.804414 0.594069 0.000343
vn -0.830555 0.556937 -0.000319
vn -0.859474 0.511180 0.000339
vn -0.880185 0.474630 -0.000313
vn -0.906009 0.423258 0.000332
vn -0.921698 0.387909 -0.000304
vn -0.954687 0.297613 -0.000292
vn -0.943581 0.331141 0.000321
vn -0.978854 0.204560 -0.000277
vn -0.971819 0.235727 0.000308
vn -0.993971 0.109641 -0.000259
vn -0.990433 0.137993 0.000291
vn -0.999906 0.013690 -0.000237
vn -0.999243 0.038898 0.000271
vn -0.996599 -0.082399 -0.000213
vn -0.998163 -0.060581 0.000248
vn -0.984086 -0.177695 -0.000185
vn -0.987201 -0.159484 0.000222
vn -0.962471 -0.271383 -0.000155
vn -0.966471 -0.256777 0.000193
vn -0.931971 -0.362533 -0.000121
vn -0.936173 -0.351540 0.000161
vn -0.892853 -0.450349 -0.000083
vn -0.896605 -0.442832 0.000125
vn -0.845476 -0.534014 -0.000043
vn -0.848164 -0.529734 0.000087
vn -0.790297 -0.612724 -0.000000
vn -0.791322 -0.611399 0.000045
vn -0.790400 0.612591 0.000000
vn -0.845751 0.533577 -0.000032
vn -0.791321 0.611401 0.000032
vn -0.893226 0.449608 -0.000061
vn -0.848164 0.529734 0.000063
vn -0.932393 0.361446 -0.000088
vn -0.896606 0.442830 0.000091
vn -0.962882 0.269923 -0.000113
vn -0.936172 0.351544 0.000118
vn -0.984414 0.175869 -0.000137
vn -0.966471 0.256777 0.000142
vn -0.996778 0.080213 -0.000158
vn -0.987201 0.159482 0.000164
vn -0.999869 -0.016213 -0.000177
vn -0.998163 0.060581 0.000184
vn -0.999243 -0.038898 0.000203
vn -0.993654 -0.112482 -0.000194
vn -0.990433 -0.137993 0.000219
vn -0.978192 -0.207703 -0.000210
vn -0.971819 -0.235727 0.000233
vn -0.953629 -0.300985 -0.000223
vn -0.943581 -0.331142 0.000245
vn -0.920188 -0.391477 -0.000234
vn -0.828007 -0.560717 -0.000000
vn -0.906012 -0.423253 0.000255
vn -0.878186 -0.478320 -0.000243
vn -0.826581 -0.562817 -0.000272
vn -0.859471 -0.511185 0.000263
vn -0.804413 -0.594070 0.000336
vn -0.770730 -0.637162 -0.000307
vn -0.741419 -0.671042 0.000343
vn -0.707107 -0.707107 -0.000311
vn -0.560717 -0.828007 0.000000
vn -0.671042 -0.741419 0.000343
vn -0.637162 -0.770730 -0.000307
vn -0.594070 -0.804413 0.000336
vn -0.562817 -0.826581 -0.000272
vn -0.511185 -0.859471 0.000263
vn -0.478320 -0.878186 -0.000243
vn -0.423253 -0.906012 0.000255
vn -0.391477 -0.920188 -0.000234
vn -0.331142 -0.943581 0.000245
vn -0.300985 -0.953629 -0.000223
vn -0.207703 -0.978192 -0.000210
vn -0.235727 -0.971819 0.000233
vn -0.112482 -0.993654 -0.000194
vn -0.137993 -0.990433 0.000219
vn -0.016213 -0.999869 -0.000177
vn -0.038898 -0.999243 0.000203
vn 0.080213 -0.996778 -0.000158
vn 0.060581 -0.998163 0.000184
vn 0.175869 -0.984414 -0.000137
vn 0.159482 -0.987201 0.000164
vn 0.269923 -0.962882 -0.000113
vn 0.256777 -0.966471 0.000142
vn 0.361446 -0.932393 -0.000088
vn 0.351544 -0.936172 0.000118
vn 0.449608 -0.893226 -0.000061
vn 0.442830 -0.896606 0.000091
vn 0.533577 -0.845751 -0.000032
vn 0.529734 -0.848164 0.000063
vn 0.611401 -0.791321 0.000032
vn 0.612591 -0.790400 0.000000
vn 0.000000 -1.000000 0.000000
vn 0.000000 -1.000000 0.000000
vn 0.000000 0.000000 1.000000
vn 0.000000 0.000000 1.000000
vn 0.000000 0.000000 1.000000
vn 0.000000 0.000000 1.000000
vn 0.000000 0.000000 1.000000
vn 0.000000 0.000000 1.000000
vn 0.000000 0.000000 1.000000
vn 0.000000 0.000000 1.000000
vn 0.000000 0.000000 1.000000
vn 0.000000 0.000000 1.000000
vn 0.000000 0.000000 1.000000
vn 0.000000 0.000000 1.000000
vn 0.000000 0.000000 1.000000
vn 0.000000 0.000000 1.000000
vn 0.000000 0.000000 1.000000
vn 0.000000 0.000000 1.000000
vn 0.000000 0.000000 1.000000
vn 0.000000 0.000000 1.000000
vn 0.000000 0.000000 1.000000
vn 0.000000 0.000000 1.000000
vn 0.000000 0.000000 1.000000
vn 0.000000 0.000000 1.000000
vn 0.000000 0.000000 1.000000
vn 0.000000 0.000000 1.000000
vn 0.000000 0.000000 1.000000
vn 0.000000 0.000000 1.000000
vn 0.000000 0.000000 1.000000
vn 0.000000 0.000000 1.000000
vn 0.000000 0.000000 1.000000
vn 0.000000 0.000000 1.000000
vn 0.000000 0.000000 1.000000
vn 0.000000 0.000000 1.000000
vn 0.000000 0.000000 1.000000
vn 0.000000 0.000000 1.000000
vn 0.000000 0.000000 1.000000
vn 0.000000 0.000000 1.000000
vn 0.000000 0.000000 1.000000
vn 0.000000 0.000000 1.000000
vn 0.000000 0.000000 1.000000
vn 0.000000 0.000000 1.000000
vn 0.000000 0.000000 1.000000
vn 0.000000 0.000000 1.000000
vn 0.000000 0.000000 1.000000
vn 0.000000 0.000000 1.000000
vn 0.000000 0.000000 1.000000
vn 0.000000 0.000000 1.000000
vn 0.000000 0.000000 1.000000
vn 0.000000 0.000000 1.000000
vn 0.000000 0.000000 1.000000
vn 0.000000 0.000000 1.000000
vn 0.000000 0.000000 1.000000
vn 0.000000 0.000000 1.000000
vn 0.000000 0.000000 1.000000
vn 0.000000 0.000000 1.000000
vn 0.000000 0.000000 1.000000
vn 0.000000 0.000000 1.000000
vn 0.000000 0.000000 1.000000
vn 0.000000 1.000000 0.000000
vn 0.000000 1.000000 0.000000
vn 0.000000 1.000000 0.000000
vn 0.000000 1.000000 0.000000
vn 0.000000 0.000000 1.000000
vn 0.000000 0.000000 1.000000
vn 0.000000 0.000000 1.000000
vn 0.000000 0.000000 1.000000
vn 0.000000 0.000000 1.000000
vn 0.000000 0.000000 1.000000
vn 0.000000 0.000000 1.000000
vn 0.000000 0.000000 1.000000
vn 0.000000 0.000000 1.000000
vn 0.000000 0.000000 1.000000
vn 0.000000 0.000000 1.000000
vn 0.000000 0.000000 1.000000
vn 0.000000 0.000000 1.000000
vn 0.000000 0.000000 1.000000
vn 0.000000 0.000000 1.000000
vn 0.000000 0.000000 1.000000
vn 0.000000 0.000000 1.000000
vn 0.000000 0.000000 1.000000
vn 0.000000 0.000000 1.000000
vn 0.000000 0.000000 1.000000
vn 0.000000 0.000000 1.000000
vn 0.000000 0.000000 1.000000
vn 0.000000 0.000000 1.000000
vn 0.000000 0.000000 1.000000
vn 0.000000 0.000000 1.000000
vn 0.000000 0.000000 1.000000
vn 0.000000 0.000000 1.000000
vn 0.000000 0.000000 1.000000
vn 0.000000 0.000000 1.000000
vn 0.000000 0.000000 1.000000
vn 0.000000 0.000000 1.000000
vn 0.000000 0.000000 1.000000
vn 0.000000 0.000000 1.000000
vn 0.000000 0.000000 1.000000
vn 0.000000 0.000000 1.000000
vn 0.000000 0.000000 1.000000
vn 0.000000 0.000000 1.000000
vn 0.000000 0.000000 1.000000
vn 0.000000 0.000000 1.000000
vn 0.000000 0.000000 1.000000
vn 0.000000 0.000000 1.000000
vn 0.000000 0.000000 1.000000
vn 0.000000 0.000000 1.000000
vn 0.000000 0.000000 1.000000
vn 0.000000 0.000000 1.000000
vn 0.000000 0.000000 1.000000
vn 0.000000 0.000000 1.000000
vn 0.000000 0.000000 1.000000
vn 0.000000 0.000000 1.000000
vn 0.000000 0.000000 1.000000
vn 0.000000 0.000000 1.000000
vn 0.000000 0.000000 1.000000
vn 0.000000 0.000000 1.000000
vn 0.000000 0.000000 1.000000
vn 0.000000 0.000000 1.000000
vn 0.000000 0.000000 1.000000
vn 0.000000 0.000000 1.000000
vn 0.000000 0.000000 1.000000
vn 0.000000 0.000000 1.000000
vn 0.000000 0.000000 1.000000
vn 0.000000 0.000000 1.000000
vn 0.000000 0.000000 1.000000
vn 0.000000 0.000000 1.000000
vn 0.000000 0.000000 1.000000
vn 0.000000 0.000000 1.000000
vn 0.000000 0.000000 1.000000
vn 0.000000 0.000000 1.000000
vn 0.000000 0.000000 1.000000
vn 0.000000 0.000000 1.000000
vn 0.000000 0.000000 1.000000
vn 0.000000 0.000000 1.000000
vn 0.000000 0.000000 1.000000
vn 0.000000 0.000000 1.000000
vn 0.000000 0.000000 1.000000
vn 0.000000 0.000000 1.000000
vn 0.000000 0.000000 1.000000
vn 0.000000 0.000000 1.000000
vn 0.000000 0.000000 1.000000
vn 0.000000 0.000000 1.000000
vn 0.000000 0.000000 1.000000
vn 0.000000 0.000000 1.000000
vn 0.000000 0.000000 1.000000
vn 0.000000 0.000000 1.000000
vn 0.000000 0.000000 1.000000
vn 0.000000 0.000000 1.000000
vn 0.000000 0.000000 1.000000
vn 0.000000 0.000000 1.000000
vn 0.000000 0.000000 1.000000
vn 0.000000 0.000000 1.000000
vn 0.000000 0.000000 1.000000
vn 0.000000 0.000000 1.000000
vn 0.000000 0.000000 1.000000
vn 0.000000 0.000000 1.000000
vn 0.000000 0.000000 1.000000
vn 0.000000 0.000000 1.000000
vn 0.000000 0.000000 1.000000
vn 0.000000 0.000000 1.000000
vn 0.000000 0.000000 1.000000
vn 0.000000 0.000000 1.000000
vn 0.000000 0.000000 1.000000
vn 0.000000 0.000000 1.000000
vn 0.000000 0.000000 1.000000
vn 0.000000 0.000000 1.000000
vn 0.000000 0.000000 1.000000
vn 0.000000 0.000000 1.000000
vn 0.000000 0.000000 1.000000
vn 0.000000 0.000000 1.000000
vn 0.000000 0.000000 1.000000
vn 0.000000 0.000000 1.000000
vn 0.000000 0.000000 1.000000
vn 0.000000 0.000000 1.000000
vn 0.000000 0.000000 1.000000
vn 0.000000 0.000000 1.000000
vn 0.000000 0.000000 1.000000
vn 0.000000 0.000000 1.000000
vn 0.000000 0.000000 1.000000
vn 0.000000 0.000000 1.000000
vn 0.000000 0.000000 1.000000
vn 0.000000 0.000000 1.000000
vn 0.000000 0.000000 1.000000
vn 0.000000 0.000000 1.000000
vn 0.000000 0.000000 1.000000
vn 0.000000 0.000000 1.000000
vn 0.000000 0.000000 1.000000
vn 0.000000 0.000000 1.000000
vn 0.000000 0.000000 1.000000
vn 0.000000 0.000000 1.000000
vn 0.000000 0.000000 1.000000
vn 0.000000 0.000000 1.000000
vn 0.000000 0.000000 1.000000
vn 0.000000 0.000000 1.000000
vn 0.000000 0.000000 1.000000
vn 0.000000 0.000000 1.000000
vn 0.000000 0.000000 1.000000
vn 0.000000 0.000000 1.000000
vn 0.000000 0.000000 1.000000
vn 0.000000 0.000000 1.000000
vn 0.000000 0.000000 1.000000
vn 0.000000 0.000000 1.000000
vn 0.000000 0.000000 1.000000
vn 0.000000 0.000000 1.000000
vn 0.000000 0.000000 1.000000
vn 0.000000 0.000000 1.000000
vn 0.000000 0.000000 1.000000
vn 0.000000 0.000000 1.000000
vn 0.000000 0.000000 1.000000
vn 0.000000 0.000000 1.000000
vn 0.000000 0.000000 1.000000
vn 0.000000 0.000000 1.000000
vn 0.000000 0.000000 1.000000
vn 0.000000 0.000000 1.000000
vn 0.000000 0.000000 1.000000
vn 0.000000 0.000000 1.000000
vn 0.000000 0.000000 1.000000
vn 0.000000 0.000000 1.000000
vn 0.000000 0.000000 1.000000
vn 0.000000 0.000000 1.000000
vn 0.000000 0.000000 1.000000
vn 0.000000 0.000000 1.000000
vn 0.000000 0.000000 1.000000
vn 0.000000 0.000000 1.000000
vn 0.000000 0.000000 1.000000
vn 0.000000 0.000000 1.000000
vn 0.000000 0.000000 1.000000
vn 0.000000 0.000000 1.000000
vn 0.000000 0.000000 1.000000
vn 0.000000 0.000000 1.000000
vn 0.000000 0.000000 1.000000
vn 0.000000 0.000000 1.000000
vn 0.000000 0.000000 1.000000
vn 0.000000 0.000000 1.000000
vn 0.000000 0.000000 1.000000
vn 0.000000 0.000000 1.000000
vn 0.000000 0.000000 1.000000
vn 0.000000 0.000000 1.000000
vn 0.000000 0.000000 1.000000
vn 0.000000 0.000000 1.000000
vn 0.000000 0.000000 1.000000
vn 0.000000 0.000000 1.000000
vn 0.000000 0.000000 1.000000
vn 0.000000 0.000000 1.000000
vn 0.000000 0.000000 1.000000
vn 0.000000 0.000000 1.000000
vn 0.000000 0.000000 1.000000
vn 0.000000 0.000000 1.000000
vn 0.000000 0.000000 1.000000
vn 0.000000 0.000000 1.000000
vn 0.000000 0.000000 1.000000
vn 0.000000 0.000000 1.000000
vn 0.000000 0.000000 1.000000
vn 0.000000 0.000000 1.000000
vn 0.000000 0.000000 1.000000
vn 0.000000 0.000000 1.000000
vn 0.000000 0.000000 1.000000
vn 0.000000 0.000000 1.000000
vn 0.000000 0.000000 1.000000
vn 0.000000 0.000000 1.000000
vn 0.000000 0.000000 1.000000
vn 0.000000 0.000000 1.000000
vn 0.000000 0.000000 1.000000
vn 0.000000 0.000000 1.000000
vn 0.000000 0.000000 1.000000
vn 0.000000 0.000000 1.000000
vn 0.000000 0.000000 1.000000
vn 0.000000 0.000000 1.000000
vn 0.000000 0.000000 1.000000
vn 0.000000 0.000000 1.000000
vn 0.000000 0.000000 1.000000
vn 0.000000 0.000000 1.000000
vn 0.000000 0.000000 1.000000
vn 0.000000 0.000000 1.000000
vn 0.000000 0.000000 1.000000
vn 0.000000 0.000000 1.000000
vn 0.000000 0.000000 1.000000
vn 0.000000 0.000000 1.000000
vn 0.000000 0.000000 1.000000
vn 0.000000 0.000000 1.000000
vn 0.000000 0.000000 1.000000
vn 0.000000 0.000000 1.000000
vn 0.000000 0.000000 1.000000
vn 0.000000 0.000000 1.000000
vn 0.000000 0.000000 1.000000
vn 0.000000 0.000000 1.000000
vn 0.000000 0.000000 1.000000
vn 0.000000 0.000000 1.000000
vn 0.000000 0.000000 1.000000
vn 0.000000 0.000000 1.000000
vn 0.000000 0.000000 1.000000
vn 0.000000 0.000000 1.000000
vn 0.000000 0.000000 1.000000
vn 0.000000 0.000000 1.000000
vn 0.000000 0.000000 1.000000
vn 0.000000 0.000000 1.000000
vn 0.000000 0.000000 1.000000
vn 0.000000 0.000000 1.000000
vn 0.000000 0.000000 1.000000
vn 0.000000 0.000000 1.000000
vn 0.000000 0.000000 1.000000
vn 0.000000 0.000000 1.000000
vn 0.000000 0.000000 1.000000
vn 0.000000 0.000000 1.000000
vn 0.000000 0.000000 1.000000
vn 0.000000 0.000000 1.000000
vn 0.000000 0.000000 1.000000
vn 0.000000 0.000000 1.000000
vn 0.000000 0.000000 1.000000
vn 0.000000 0.000000 1.000000
vn 0.000000 0.000000 1.000000
vn 0.000000 0.000000 1.000000
vn 0.000000 0.000000 1.000000
vn 0.000000 0.000000 1.000000
vn 0.000000 0.000000 1.000000
vn 0.000000 0.000000 1.000000
vn 0.000000 0.000000 1.000000
vn 0.000000 0.000000 1.000000
vn 0.000000 0.000000 1.000000
vn 0.000000 0.000000 1.000000
vn 0.000000 0.000000 1.000000
vn 0.000000 0.000000 1.000000
vn 0.000000 0.000000 1.000000
vn 0.000000 0.000000 1.000000
vn 0.000000 0.000000 1.000000
vn 0.000000 0.000000 1.000000
vn 0.000000 0.000000 1.000000
vn 0.000000 0.000000 1.000000
vn 0.000000 0.000000 1.000000
vn 0.000000 0.000000 1.000000
vn 0.000000 0.000000 1.000000
vn 0.000000 0.000000 1.000000
vn 0.000000 0.000000 1.000000
vn 0.000000 0.000000 1.000000
vn 0.000000 0.000000 1.000000
vn 0.000000 0.000000 1.000000
vn 0.000000 0.000000 1.000000
vn 0.000000 0.000000 1.000000
vn 0.000000 0.000000 1.000000
vn 0.000000 0.000000 1.000000
vn 0.000000 0.000000 1.000000
vn 0.000000 0.000000 1.000000
vn 0.000000 0.000000 1.000000
vn 0.000000 0.000000 1.000000
vn 0.000000 0.000000 1.000000
vn 0.000000 0.000000 1.000000
vn 0.000000 0.000000 1.000000
vn 0.000000 0.000000 1.000000
vn 0.000000 0.000000 1.000000
vn 0.000000 0.000000 1.000000
vn 0.000000 0.000000 1.000000
vn 0.000000 0.000000 1.000000
vn 0.000000 0.000000 1.000000
vn 0.000000 0.000000 1.000000
vn 0.000000 0.000000 1.000000
vn 0.000000 0.000000 1.000000
vn 0.000000 0.000000 1.000000
vn 0.000000 0.000000 1.000000
vn 0.000000 0.000000 1.000000
vn 0.000000 0.000000 1.000000
vn 0.000000 0.000000 1.000000
vn 0.000000 0.000000 1.000000
vn 0.000000 0.000000 1.000000
vn 0.000000 0.000000 1.000000
vn 0.000000 0.000000 1.000000
vn 0.000000 0.000000 1.000000
vn 0.000000 0.000000 1.000000
vn 0.000000 0.000000 1.000000
vn 0.000000 0.000000 1.000000
vn 0.000000 0.000000 1.000000
vn 0.000000 0.000000 1.000000
vn 0.000000 0.000000 1.000000
vn 0.000000 0.000000 1.000000
vn 0.000000 0.000000 1.000000
vn 0.000000 0.000000 1.000000
vn 0.000000 0.000000 1.000000
vn 0.000000 0.000000 1.000000
vn 0.000000 0.000000 1.000000
vn 0.000000 0.000000 1.000000
vn 0.000000 0.000000 1.000000
vn 0.000000 0.000000 1.000000
vn 0.000000 0.000000 1.000000
vn 0.000000 0.000000 1.000000
vn 0.000000 0.000000 1.000000
vn 0.000000 0.000000 1.000000
vn 0.000000 0.000000 1.000000
vn 0.000000 0.000000 1.000000
vn 0.000000 0.000000 1.000000
vn 0.000000 0.000000 1.000000
vn 0.000000 0.000000 1.000000
vn 0.000000 0.000000 1.000000
vn 0.000000 0.000000 1.000000
vn 0.000000 0.000000 1.000000
vn 0.000000 0.000000 1.000000
vn 0.000000 0.000000 1.000000
vn 0.000000 0.000000 1.000000
vn 0.000000 0.000000 1.000000
vn 0.000000 0.000000 1.000000
vn 0.000000 0.000000 1.000000
vn 0.000000 0.000000 1.000000
vn 0.000000 0.000000 1.000000
vn 0.000000 0.000000 1.000000
vn 0.000000 0.000000 1.000000
vn 0.000000 0.000000 1.000000
vn 0.000000 0.000000 1.000000
vn 0.000000 0.000000 1.000000
vn 0.000000 1.000000 0.000000
vn 0.000000 1.000000 0.000000
vn 1.000000 0.000000 0.000000
vn 1.000000 -0.000000 0.000000
vn 0.000000 0.000000 1.000000
vn 0.000000 0.000000 1.000000
vn 0.000000 0.000000 1.000000
vn 0.000000 0.000000 1.000000
vn 0.000000 0.000000 1.000000
vn 0.000000 0.000000 1.000000
vn 0.000000 0.000000 1.000000
vn 0.000000 0.000000 1.000000
vn 0.000000 0.000000 1.000000
vn 0.000000 0.000000 1.000000
vn 0.000000 0.000000 1.000000
vn 0.000000 0.000000 1.000000
vn 0.000000 0.000000 1.000000
vn 0.000000 0.000000 1.000000
vn 0.000000 0.000000 1.000000
vn 0.000000 0.000000 1.000000
vn 0.000000 0.000000 1.000000
vn 0.000000 0.000000 1.000000
vn 0.000000 0.000000 1.000000
vn 0.000000 0.000000 1.000000
vn 0.000000 0.000000 1.000000
vn 0.000000 0.000000 1.000000
vn 0.000000 0.000000 1.000000
vn 0.000000 0.000000 1.000000
vn 0.000000 0.000000 1.000000
vn 0.000000 0.000000 1.000000
vn 0.000000 0.000000 1.000000
vn 0.000000 0.000000 1.000000
vn -0.998757 -0.049837 -0.000000
vn -0.998757 -0.049837 0.000000
vn -0.988825 -0.149080 -0.000000
vn -0.988825 -0.149080 0.000000
vn -0.969085 -0.246725 -0.000000
vn -0.969085 -0.246725 0.000000
vn -0.939697 -0.342009 -0.000000
vn -0.939697 -0.342009 0.000000
vn -0.900965 -0.433891 -0.000000
vn -0.900965 -0.433891 0.000000
vn -0.853283 -0.521448 -0.000000
vn -0.853283 -0.521448 0.000000
vn -0.797140 -0.603794 0.000000
vn -0.797140 -0.603794 0.000000
vn -0.733059 -0.680165 -0.000000
vn -0.733059 -0.680165 0.000000
vn -0.661680 -0.749786 -0.000000
vn -0.661680 -0.749786 0.000000
vn -0.583755 -0.811930 0.000000
vn -0.583755 -0.811930 -0.000000
vn -0.500017 -0.866015 0.000000
vn -0.500017 -0.866015 -0.000000
vn -0.411227 -0.911533 0.000000
vn -0.411227 -0.911533 -0.000000
vn -0.318505 -0.947921 0.000000
vn -0.318505 -0.947921 -0.000000
vn -0.222547 -0.974922 0.000000
vn -0.222547 -0.974922 -0.000000
vn -0.124344 -0.992239 0.000000
vn -0.124344 -0.992239 -0.000000
vn -0.024917 -0.999690 0.000000
vn -0.024917 -0.999690 -0.000000
vn 0.074758 -0.997202 0.000000
vn 0.074758 -0.997202 0.000000
vn 0.173625 -0.984812 0.000000
vn 0.173625 -0.984812 0.000000
vn 0.270854 -0.962621 0.000000
vn 0.270854 -0.962621 0.000000
vn 0.365334 -0.930876 0.000000
vn 0.365334 -0.930876 0.000000
vn 0.456179 -0.889888 0.000000
vn 0.456179 -0.889888 0.000000
vn 0.542548 -0.840025 0.000000
vn 0.542548 -0.840025 0.000000
vn 0.623500 -0.781824 0.000000
vn 0.623500 -0.781824 0.000000
vn 0.698235 -0.715869 0.000000
vn 0.698235 -0.715869 0.000000
vn 0.766064 -0.642764 0.000000
vn 0.766064 -0.642764 0.000000
vn 0.826231 -0.563331 0.000000
vn 0.826231 -0.563331 0.000000
vn 0.878204 -0.478286 0.000000
vn 0.878204 -0.478286 0.000000
vn 0.921488 -0.388407 0.000000
vn 0.921488 -0.388407 0.000000
vn 0.955563 -0.294787 0.000000
vn 0.955563 -0.294787 0.000000
vn 0.980178 -0.198117 0.000000
vn 0.980178 -0.198117 0.000000
vn 0.995032 -0.099552 0.000000
vn 0.995032 -0.099552 0.000000
vn 1.000000 0.000000 0.000000
vn 1.000000 0.000000 0.000000
vn 0.995032 0.099552 -0.000000
vn 0.995032 0.099552 0.000000
vn 0.980178 0.198117 0.000000
vn 0.980178 0.198117 0.000000
vn 0.955563 0.294787 0.000000
vn 0.955563 0.294787 0.000000
vn 0.921488 0.388407 0.000000
vn 0.921488 0.388407 0.000000
vn 0.878204 0.478286 0.000000
vn 0.878204 0.478286 0.000000
vn 0.826231 0.563331 0.000000
vn 0.826231 0.563331 0.000000
vn 0.766064 0.642764 0.000000
vn 0.766064 0.642764 0.000000
vn 0.698235 0.715869 0.000000
vn 0.698235 0.715869 0.000000
vn 0.623500 0.781824 0.000000
vn 0.542548 0.840025 -0.000000
vn 0.623500 0.781824 0.000000
vn 0.542548 0.840025 0.000000
vn 0.456179 0.889888 0.000000
vn 0.456179 0.889888 0.000000
vn 0.365334 0.930876 0.000000
vn 0.365334 0.930876 0.000000
vn 0.270854 0.962621 0.000000
vn 0.270854 0.962621 0.000000
vn 0.173625 0.984812 0.000000
vn 0.173625 0.984812 0.000000
vn 0.074758 0.997202 0.000000
vn 0.074758 0.997202 0.000000
vn -0.024917 0.999690 0.000000
vn -0.024917 0.999690 0.000000
vn -0.124344 0.992239 0.000000
vn -0.124344 0.992239 0.000000
vn -0.222547 0.974922 0.000000
vn -0.222547 0.974922 0.000000
vn -0.318505 0.947921 0.000000
vn -0.318505 0.947921 0.000000
vn -0.411227 0.911533 0.000000
vn -0.411227 0.911533 0.000000
vn -0.500017 0.866015 0.000000
vn -0.500017 0.866015 0.000000
vn -0.583755 0.811930 0.000000
vn -0.583755 0.811930 0.000000
vn -0.661680 0.749786 0.000000
vn -0.661680 0.749786 0.000000
vn -0.733059 0.680165 0.000000
vn -0.733059 0.680165 0.000000
vn -0.797140 0.603794 0.000000
vn -0.797140 0.603794 0.000000
vn -0.853283 0.521448 0.000000
vn -0.853283 0.521448 0.000000
vn -0.900965 0.433891 0.000000
vn -0.900965 0.433891 0.000000
vn -0.939697 0.342009 0.000000
vn -0.939697 0.342009 0.000000
vn -0.969085 0.246725 0.000000
vn -0.969085 0.246725 0.000000
vn -0.988825 0.149080 0.000000
vn -0.998757 0.049837 0.000000
vn -0.988825 0.149080 0.000000
vn -0.998757 0.049837 0.000000
vn 0.000000 0.000000 1.000000
vn 0.000000 0.000000 1.000000
vn 0.000000 0.000000 1.000000
vn 0.000000 0.000000 1.000000
vn 0.000000 0.000000 1.000000
vn 0.000000 0.000000 1.000000
vn 0.000000 0.000000 1.000000
vn 0.000000 0.000000 1.000000
vn 0.000000 0.000000 1.000000
vn 0.000000 0.000000 1.000000
vn 0.000000 0.000000 1.000000
vn 0.000000 0.000000 1.000000
vn 0.000000 0.000000 1.000000
vn 0.000000 0.000000 1.000000
vn 0.000000 0.000000 1.000000
vn 0.000000 0.000000 1.000000
vn 0.000000 0.000000 1.000000
vn 0.000000 0.000000 1.000000
vn 0.000000 0.000000 1.000000
vn 0.000000 0.000000 1.000000
vn 0.000000 0.000000 1.000000
vn 0.000000 0.000000 1.000000
vn 0.000000 0.000000 1.000000
vn 0.000000 0.000000 1.000000
vn 0.000000 0.000000 1.000000
vn 0.000000 0.000000 1.000000
vn 0.000000 0.000000 1.000000
vn 0.000000 0.000000 1.000000
vn 0.000000 0.000000 1.000000
vn 0.000000 0.000000 1.000000
vn 0.000000 0.000000 1.000000
vn 0.000000 0.000000 1.000000
vn 0.000000 0.000000 1.000000
vn 0.000000 0.000000 1.000000
vn 0.000000 0.000000 1.000000
vn 0.000000 0.000000 1.000000
vn 0.000000 0.000000 1.000000
vn 0.000000 0.000000 1.000000
vn 0.000000 0.000000 1.000000
vn 0.000000 0.000000 1.000000
vn 0.000000 0.000000 1.000000
vn 0.000000 0.000000 1.000000
vn 0.000000 0.000000 1.000000
vn 0.000000 0.000000 1.000000
vn 0.000000 0.000000 1.000000
vn 0.000000 0.000000 1.000000
vn 0.000000 0.000000 1.000000
vn 0.000000 0.000000 1.000000
vn 0.000000 0.000000 1.000000
vn 0.000000 0.000000 1.000000
vn 0.000000 0.000000 1.000000
vn 0.000000 0.000000 1.000000
vn 0.000000 0.000000 1.000000
vn 0.000000 0.000000 1.000000
vn 0.000000 0.000000 1.000000
vn 0.000000 0.000000 1.000000
vn 0.000000 0.000000 1.000000
vn 0.000000 0.000000 1.000000
vn 0.000000 0.000000 1.000000
vn 0.000000 0.000000 1.000000
vn 0.000000 0.000000 1.000000
vn -0.998757 -0.049848 -0.000000
vn -0.998757 -0.049848 0.000000
vn -0.988831 -0.149042 -0.000000
vn -0.988831 -0.149042 0.000000
vn -0.969080 -0.246747 -0.000000
vn -0.969080 -0.246747 0.000000
vn -0.939690 -0.342029 -0.000000
vn -0.939690 -0.342029 0.000000
vn -0.900968 -0.433885 -0.000000
vn -0.900968 -0.433885 0.000000
vn -0.853287 -0.521442 -0.000000
vn -0.853287 -0.521442 0.000000
vn -0.797135 -0.603801 0.000000
vn -0.797135 -0.603801 0.000000
vn -0.733071 -0.680152 -0.000000
vn -0.733071 -0.680152 0.000000
vn -0.661663 -0.749801 -0.000000
vn -0.661663 -0.749801 0.000000
vn -0.583760 -0.811926 0.000000
vn -0.583760 -0.811926 -0.000000
vn -0.500013 -0.866018 0.000000
vn -0.500013 -0.866018 -0.000000
vn -0.411249 -0.911523 0.000000
vn -0.411249 -0.911523 -0.000000
vn -0.318486 -0.947928 0.000000
vn -0.318486 -0.947928 -0.000000
vn -0.222547 -0.974922 0.000000
vn -0.222547 -0.974922 -0.000000
vn -0.124346 -0.992239 0.000000
vn -0.124346 -0.992239 -0.000000
vn -0.024918 -0.999690 0.000000
vn -0.024918 -0.999690 -0.000000
vn 0.074754 -0.997202 0.000000
vn 0.074754 -0.997202 0.000000
vn 0.173632 -0.984811 0.000000
vn 0.173632 -0.984811 0.000000
vn 0.270853 -0.962621 0.000000
vn 0.270853 -0.962621 0.000000
vn 0.365326 -0.930880 0.000000
vn 0.365326 -0.930880 0.000000
vn 0.456185 -0.889885 0.000000
vn 0.456185 -0.889885 0.000000
vn 0.542560 -0.840017 0.000000
vn 0.542560 -0.840017 0.000000
vn 0.623498 -0.781825 0.000000
vn 0.623498 -0.781825 0.000000
vn 0.698218 -0.715885 0.000000
vn 0.698218 -0.715885 0.000000
vn 0.766064 -0.642764 0.000000
vn 0.766064 -0.642764 0.000000
vn 0.826231 -0.563331 0.000000
vn 0.826231 -0.563331 0.000000
vn 0.878215 -0.478265 0.000000
vn 0.878215 -0.478265 0.000000
vn 0.921477 -0.388433 0.000000
vn 0.921477 -0.388433 0.000000
vn 0.955574 -0.294752 0.000000
vn 0.955574 -0.294752 0.000000
vn 0.980174 -0.198141 0.000000
vn 0.980174 -0.198141 0.000000
vn 0.995030 -0.099571 0.000000
vn 0.995030 -0.099571 0.000000
vn 1.000000 0.000000 0.000000
vn 1.000000 0.000000 0.000000
vn 0.995030 0.099571 -0.000000
vn 0.995030 0.099571 0.000000
vn 0.980174 0.198141 0.000000
vn 0.980174 0.198141 0.000000
vn 0.955574 0.294752 0.000000
vn 0.955574 0.294752 0.000000
vn 0.921477 0.388433 0.000000
vn 0.921477 0.388433 0.000000
vn 0.878215 0.478265 0.000000
vn 0.878215 0.478265 0.000000
vn 0.826231 0.563331 0.000000
vn 0.826231 0.563331 0.000000
vn 0.766064 0.642764 0.000000
vn 0.766064 0.642764 0.000000
vn 0.698218 0.715885 0.000000
vn 0.698218 0.715885 0.000000
vn 0.623498 0.781825 0.000000
vn 0.542560 0.840017 -0.000000
vn 0.623498 0.781825 0.000000
vn 0.542560 0.840017 0.000000
vn 0.456185 0.889885 0.000000
vn 0.456185 0.889885 0.000000
vn 0.365326 0.930880 0.000000
vn 0.365326 0.930880 0.000000
vn 0.270853 0.962621 0.000000
vn 0.270853 0.962621 0.000000
vn 0.173632 0.984811 0.000000
vn 0.173632 0.984811 0.000000
vn 0.074754 0.997202 0.000000
vn 0.074754 0.997202 0.000000
vn -0.024918 0.999690 0.000000
vn -0.024918 0.999690 0.000000
vn -0.124346 0.992239 0.000000
vn -0.124346 0.992239 0.000000
vn -0.222547 0.974922 0.000000
vn -0.222547 0.974922 0.000000
vn -0.318486 0.947928 0.000000
vn -0.318486 0.947928 0.000000
vn -0.411249 0.911523 0.000000
vn -0.411249 0.911523 0.000000
vn -0.500013 0.866018 0.000000
vn -0.500013 0.866018 0.000000
vn -0.583760 0.811926 0.000000
vn -0.583760 0.811926 0.000000
vn -0.661663 0.749801 0.000000
vn -0.661663 0.749801 0.000000
vn -0.733071 0.680152 0.000000
vn -0.733071 0.680152 0.000000
vn -0.797135 0.603801 0.000000
vn -0.797135 0.603801 0.000000
vn -0.853287 0.521442 0.000000
vn -0.853287 0.521442 0.000000
vn -0.900968 0.433885 0.000000
vn -0.900968 0.433885 0.000000
vn -0.939690 0.342029 0.000000
vn -0.939690 0.342029 0.000000
vn -0.969080 0.246747 0.000000
vn -0.969080 0.246747 0.000000
vn -0.988831 0.149042 0.000000
vn -0.998757 0.049848 0.000000
vn -0.988831 0.149042 0.000000
vn -0.998757 0.049848 0.000000
vn 0.000000 0.000000 1.000000
vn 0.000000 0.000000 1.000000
vn 0.000000 0.000000 1.000000
vn 0.000000 0.000000 1.000000
vn 0.000000 0.000000 1.000000
vn 0.000000 0.000000 1.000000
vn 0.000000 0.000000 1.000000
vn 0.000000 0.000000 1.000000
vn 0.000000 0.000000 1.000000
vn 0.000000 0.000000 1.000000
vn 0.000000 0.000000 1.000000
vn 0.000000 0.000000 1.000000
vn 0.000000 0.000000 1.000000
vn 0.000000 0.000000 1.000000
vn 0.000000 0.000000 1.000000
vn 0.000000 0.000000 1.000000
vn 0.000000 0.000000 1.000000
vn 0.000000 0.000000 1.000000
vn 0.000000 0.000000 1.000000
vn 0.000000 0.000000 1.000000
vn 0.000000 0.000000 1.000000
vn 0.000000 0.000000 1.000000
vn 0.000000 0.000000 1.000000
vn 0.000000 0.000000 1.000000
vn 0.000000 0.000000 1.000000
vn 0.000000 0.000000 1.000000
vn 0.000000 0.000000 1.000000
vn 0.000000 0.000000 1.000000
vn 0.000000 0.000000 1.000000
vn 0.000000 0.000000 1.000000
vn 0.000000 0.000000 1.000000
vn 0.000000 0.000000 1.000000
vn 0.000000 0.000000 1.000000
vn 0.000000 0.000000 1.000000
vn 0.000000 0.000000 1.000000
vn 0.000000 0.000000 1.000000
vn 0.000000 0.000000 1.000000
vn 0.000000 0.000000 1.000000
vn 0.000000 0.000000 1.000000
vn 0.000000 0.000000 1.000000
vn 0.000000 0.000000 1.000000
vn 0.000000 0.000000 1.000000
vn 0.000000 0.000000 1.000000
vn 0.000000 0.000000 1.000000
vn 0.000000 0.000000 1.000000
vn 0.000000 0.000000 1.000000
vn 0.000000 0.000000 1.000000
vn 0.000000 0.000000 1.000000
vn 0.000000 0.000000 1.000000
vn 0.000000 0.000000 1.000000
vn 0.000000 0.000000 1.000000
vn 0.000000 0.000000 1.000000
vn 0.000000 0.000000 1.000000
vn 0.000000 0.000000 1.000000
vn 0.000000 0.000000 1.000000
vn 0.000000 0.000000 1.000000
vn 0.000000 0.000000 1.000000
vn 0.000000 0.000000 1.000000
vn 0.000000 0.000000 1.000000
vn 0.000000 0.000000 1.000000
vn 0.000000 0.000000 1.000000
vn -0.998757 -0.049848 -0.000000
vn -0.998757 -0.049848 0.000000
vn -0.988831 -0.149042 -0.000000
vn -0.988831 -0.149042 0.000000
vn -0.969078 -0.246755 -0.000000
vn -0.969078 -0.246755 0.000000
vn -0.939693 -0.342019 -0.000000
vn -0.939693 -0.342019 0.000000
vn -0.900968 -0.433886 -0.000000
vn -0.900968 -0.433886 0.000000
vn -0.853291 -0.521435 -0.000000
vn -0.853291 -0.521435 0.000000
vn -0.797133 -0.603803 0.000000
vn -0.797133 -0.603803 0.000000
vn -0.733051 -0.680173 -0.000000
vn -0.733051 -0.680173 0.000000
vn -0.661685 -0.749782 -0.000000
vn -0.661685 -0.749782 0.000000
vn -0.583745 -0.811937 0.000000
vn -0.583745 -0.811937 -0.000000
vn -0.500001 -0.866025 0.000000
vn -0.500001 -0.866025 -0.000000
vn -0.411287 -0.911506 0.000000
vn -0.411287 -0.911506 -0.000000
vn -0.318486 -0.947928 0.000000
vn -0.318486 -0.947928 -0.000000
vn -0.222518 -0.974929 0.000000
vn -0.222518 -0.974929 -0.000000
vn -0.124346 -0.992239 0.000000
vn -0.124346 -0.992239 -0.000000
vn -0.024930 -0.999689 0.000000
vn -0.024930 -0.999689 -0.000000
vn 0.074727 -0.997204 0.000000
vn 0.074727 -0.997204 0.000000
vn 0.173650 -0.984807 0.000000
vn 0.173650 -0.984807 0.000000
vn 0.270839 -0.962625 0.000000
vn 0.270839 -0.962625 0.000000
vn 0.365343 -0.930873 0.000000
vn 0.365343 -0.930873 0.000000
vn 0.456209 -0.889873 0.000000
vn 0.456209 -0.889873 0.000000
vn 0.542547 -0.840026 0.000000
vn 0.542547 -0.840026 0.000000
vn 0.623491 -0.781831 0.000000
vn 0.623491 -0.781831 0.000000
vn 0.698237 -0.715866 0.000000
vn 0.698237 -0.715866 0.000000
vn 0.766044 -0.642789 0.000000
vn 0.766044 -0.642789 0.000000
vn 0.826239 -0.563320 0.000000
vn 0.826239 -0.563320 0.000000
vn 0.878222 -0.478254 0.000000
vn 0.878222 -0.478254 0.000000
vn 0.921476 -0.388435 0.000000
vn 0.921476 -0.388435 0.000000
vn 0.955573 -0.294755 0.000000
vn 0.955573 -0.294755 0.000000
vn 0.980173 -0.198145 0.000000
vn 0.980173 -0.198145 0.000000
vn 0.995031 -0.099569 0.000000
vn 0.995031 -0.099569 0.000000
vn 1.000000 0.000000 0.000000
vn 1.000000 0.000000 0.000000
vn 0.995031 0.099569 -0.000000
vn 0.995031 0.099569 0.000000
vn 0.980173 0.198145 0.000000
vn 0.980173 0.198145 0.000000
vn 0.955573 0.294755 0.000000
vn 0.955573 0.294755 0.000000
vn 0.921476 0.388435 0.000000
vn 0.921476 0.388435 0.000000
vn 0.878222 0.478254 0.000000
vn 0.878222 0.478254 0.000000
vn 0.826239 0.563320 0.000000
vn 0.826239 0.563320 0.000000
vn 0.766044 0.642789 0.000000
vn 0.766044 0.642789 0.000000
vn 0.698237 0.715866 0.000000
vn 0.698237 0.715866 0.000000
vn 0.623491 0.781831 0.000000
vn 0.542545 0.840027 -0.000000
vn 0.623491 0.781831 0.000000
vn 0.542545 0.840027 0.000000
vn 0.456211 0.889872 0.000000
vn 0.456211 0.889872 0.000000
vn 0.365341 0.930874 0.000000
vn 0.365341 0.930874 0.000000
vn 0.270840 0.962624 0.000000
vn 0.270840 0.962624 0.000000
vn 0.173649 0.984808 0.000000
vn 0.173649 0.984808 0.000000
vn 0.074729 0.997204 0.000000
vn 0.074729 0.997204 0.000000
vn -0.024930 0.999689 0.000000
vn -0.024930 0.999689 0.000000
vn -0.124344 0.992239 0.000000
vn -0.124344 0.992239 0.000000
vn -0.222522 0.974928 0.000000
vn -0.222522 0.974928 0.000000
vn -0.318486 0.947928 0.000000
vn -0.318486 0.947928 0.000000
vn -0.411287 0.911506 0.000000
vn -0.411287 0.911506 0.000000
vn -0.500001 0.866025 0.000000
vn -0.500001 0.866025 0.000000
vn -0.583744 0.811938 0.000000
vn -0.583744 0.811938 0.000000
vn -0.661685 0.749782 0.000000
vn -0.661685 0.749782 0.000000
vn -0.733051 0.680173 0.000000
vn -0.733051 0.680173 0.000000
vn -0.797133 0.603803 0.000000
vn -0.797133 0.603803 0.000000
vn -0.853291 0.521435 0.000000
vn -0.853291 0.521435 0.000000
vn -0.900968 0.433886 0.000000
vn -0.900968 0.433886 0.000000
vn -0.939693 0.342019 0.000000
vn -0.939693 0.342019 0.000000
vn -0.969078 0.246755 0.000000
vn -0.969078 0.246755 0.000000
vn -0.988831 0.149042 0.000000
vn -0.998757 0.049848 0.000000
vn -0.988831 0.149042 0.000000
vn -0.998757 0.049848 0.000000
vn 0.000000 0.000000 1.000000
vn 0.000000 0.000000 1.000000
vn 0.000000 0.000000 1.000000
vn 0.000000 0.000000 1.000000
vn 0.000000 0.000000 1.000000
vn 0.000000 0.000000 1.000000
vn 0.000000 0.000000 1.000000
vn 0.000000 0.000000 1.000000
vn 0.000000 0.000000 1.000000
vn 0.000000 0.000000 1.000000
vn 0.000000 0.000000 1.000000
vn 0.000000 0.000000 1.000000
vn 0.000000 0.000000 1.000000
vn 0.000000 0.000000 1.000000
vn 0.000000 0.000000 1.000000
vn 0.000000 0.000000 1.000000
vn 0.000000 0.000000 1.000000
vn 0.000000 0.000000 1.000000
vn 0.000000 0.000000 1.000000
vn 0.000000 0.000000 1.000000
vn 0.000000 0.000000 1.000000
vn 0.000000 0.000000 1.000000
vn 0.000000 0.000000 1.000000
vn 0.000000 0.000000 1.000000
vn 0.000000 0.000000 1.000000
vn 0.000000 0.000000 1.000000
vn 0.000000 0.000000 1.000000
vn 0.000000 0.000000 1.000000
vn 0.000000 0.000000 1.000000
vn 0.000000 0.000000 1.000000
vn 0.000000 0.000000 1.000000
vn 0.000000 0.000000 1.000000
vn 0.000000 0.000000 1.000000
vn 0.000000 0.000000 1.000000
vn 0.000000 0.000000 1.000000
vn 0.000000 0.000000 1.000000
vn 0.000000 0.000000 1.000000
vn 0.000000 0.000000 1.000000
vn 0.000000 0.000000 1.000000
vn 0.000000 0.000000 1.000000
vn 0.000000 0.000000 1.000000
vn 0.000000 0.000000 1.000000
vn 0.000000 0.000000 1.000000
vn 0.000000 0.000000 1.000000
vn 0.000000 0.000000 1.000000
vn 0.000000 0.000000 1.000000
vn 0.000000 0.000000 1.000000
vn 0.000000 0.000000 1.000000
vn 0.000000 0.000000 1.000000
vn 0.000000 0.000000 1.000000
vn 0.000000 0.000000 1.000000
vn 0.000000 0.000000 1.000000
vn 0.000000 0.000000 1.000000
vn 0.000000 0.000000 1.000000
vn 0.000000 0.000000 1.000000
vn 0.000000 0.000000 1.000000
vn 0.000000 0.000000 1.000000
vn 0.000000 0.000000 1.000000
vn 0.000000 0.000000 1.000000
vn 0.000000 0.000000 1.000000
vn 0.000000 0.000000 1.000000
vn 0.000000 0.000000 1.000000
vn 0.000000 0.000000 1.000000
vn 0.000000 0.000000 1.000000
vn 0.000000 0.000000 1.000000
vn 0.000000 0.000000 1.000000
vn 0.000000 0.000000 1.000000
vn 0.000000 0.000000 1.000000
vn 0.000000 0.000000 1.000000
vn 0.000000 0.000000 1.000000
vn 0.000000 0.000000 1.000000
vn 0.000000 0.000000 1.000000
vn 0.000000 0.000000 1.000000
vn 0.000000 0.000000 1.000000
vn 0.000000 0.000000 1.000000
vn 0.000000 0.000000 1.000000
vn 0.000000 0.000000 1.000000
vn 0.000000 0.000000 1.000000
vn 0.000000 0.000000 1.000000
vn 0.000000 0.000000 1.000000
vn 0.000000 0.000000 1.000000
vn 0.000000 0.000000 1.000000
vn 0.000000 0.000000 1.000000
vn 0.000000 0.000000 1.000000
vn 0.000000 0.000000 1.000000
vn 0.000000 0.000000 1.000000
vn 0.000000 0.000000 1.000000
vn 0.000000 0.000000 1.000000
vn 0.000000 0.000000 1.000000
vn 0.000000 0.000000 1.000000
vn 0.000000 0.000000 1.000000
vn 0.000000 0.000000 1.000000
vn 0.000000 0.000000 1.000000
vn 0.000000 0.000000 1.000000
vn 0.000000 0.000000 1.000000
vn 0.000000 0.000000 1.000000
vn 0.000000 0.000000 1.000000
vn 0.000000 0.000000 1.000000
vn 0.000000 0.000000 1.000000
vn 0.000000 0.000000 1.000000
vn 0.000000 0.000000 1.000000
vn 0.000000 0.000000 1.000000
vn 0.000000 0.000000 1.000000
vn 0.000000 0.000000 1.000000
vn 0.000000 0.000000 1.000000
vn 0.000000 0.000000 1.000000
vn 0.000000 0.000000 1.000000
vn 0.000000 0.000000 1.000000
vn 0.000000 0.000000 1.000000
vn 0.000000 0.000000 1.000000
vn 0.000000 0.000000 1.000000
vn 0.000000 0.000000 1.000000
vn 0.000000 0.000000 1.000000
vn 0.000000 0.000000 1.000000
vn 0.000000 0.000000 1.000000
vn 0.000000 0.000000 1.000000
vn 0.000000 0.000000 1.000000
vn 0.000000 0.000000 1.000000
vn 0.000000 0.000000 1.000000
vn 0.000000 0.000000 1.000000
vn 0.000000 0.000000 1.000000
vn 0.000000 0.000000 1.000000
vn 0.000000 0.000000 1.000000
vn 0.000000 0.000000 1.000000
vn 0.000000 0.000000 1.000000
vn 0.000000 0.000000 1.000000
vn 0.000000 0.000000 1.000000
vn 0.000000 0.000000 1.000000
vn 0.000000 0.000000 1.000000
vn 0.000000 0.000000 1.000000
vn 0.000000 0.000000 1.000000
vn 0.000000 0.000000 1.000000
vn 0.000000 0.000000 1.000000
vn 0.000000 0.000000 1.000000
vn 0.000000 0.000000 1.000000
vn 0.000000 0.000000 1.000000
vn 0.000000 0.000000 1.000000
vn 0.000000 0.000000 1.000000
vn 0.000000 0.000000 1.000000
vn 0.000000 0.000000 1.000000
vn 0.000000 0.000000 1.000000
vn 0.000000 0.000000 1.000000
vn 0.000000 0.000000 1.000000
vn 0.000000 0.000000 1.000000
vn 0.000000 0.000000 1.000000
vn 0.000000 0.000000 1.000000
vn 0.000000 0.000000 1.000000
vn 0.000000 0.000000 1.000000
vn 0.000000 0.000000 1.000000
vn 0.000000 0.000000 1.000000
vn 0.000000 0.000000 1.000000
vn 0.000000 0.000000 1.000000
vn 0.000000 0.000000 1.000000
vn 0.000000 0.000000 1.000000
vn 0.000000 0.000000 1.000000
vn 0.000000 0.000000 1.000000
vn 0.000000 0.000000 1.000000
vn 0.000000 0.000000 1.000000
vn 0.000000 0.000000 1.000000
vn 0.000000 0.000000 1.000000
vn 0.000000 0.000000 1.000000
vn 0.000000 0.000000 1.000000
vn 0.000000 0.000000 1.000000
vn 0.000000 0.000000 1.000000
vn 0.000000 0.000000 1.000000
vn 0.000000 0.000000 1.000000
vn 0.000000 0.000000 1.000000
vn 0.000000 0.000000 1.000000
vn 0.000000 0.000000 1.000000
vn 0.000000 0.000000 1.000000
vn 0.000000 0.000000 1.000000
vn 0.000000 0.000000 1.000000
vn 0.000000 0.000000 1.000000
vn 0.000000 0.000000 1.000000
vn 0.000000 0.000000 1.000000
vn -0.000000 0.000000 1.000000
vn -0.998757 -0.049836 -0.000000
vn -0.998757 -0.049836 0.000000
vn -0.988825 -0.149079 -0.000000
vn -0.988825 -0.149079 0.000000
vn -0.969083 -0.246734 -0.000000
vn -0.969083 -0.246734 0.000000
vn -0.939700 -0.341999 -0.000000
vn -0.939700 -0.341999 0.000000
vn -0.900965 -0.433893 -0.000000
vn -0.900965 -0.433893 0.000000
vn -0.853287 -0.521441 -0.000000
vn -0.853287 -0.521441 0.000000
vn -0.797139 -0.603796 0.000000
vn -0.797139 -0.603796 0.000000
vn -0.733040 -0.680186 -0.000000
vn -0.733040 -0.680186 0.000000
vn -0.661702 -0.749767 -0.000000
vn -0.661702 -0.749767 0.000000
vn -0.583740 -0.811941 0.000000
vn -0.583740 -0.811941 -0.000000
vn -0.500006 -0.866022 0.000000
vn -0.500006 -0.866022 -0.000000
vn -0.411266 -0.911516 0.000000
vn -0.411266 -0.911516 -0.000000
vn -0.318505 -0.947921 0.000000
vn -0.318505 -0.947921 -0.000000
vn -0.222518 -0.974929 0.000000
vn -0.222518 -0.974929 -0.000000
vn -0.124344 -0.992239 0.000000
vn -0.124344 -0.992239 -0.000000
vn -0.024929 -0.999689 0.000000
vn -0.024929 -0.999689 -0.000000
vn 0.074731 -0.997204 0.000000
vn 0.074731 -0.997204 0.000000
vn 0.173643 -0.984809 0.000000
vn 0.173643 -0.984809 0.000000
vn 0.270840 -0.962624 0.000000
vn 0.270840 -0.962624 0.000000
vn 0.365351 -0.930870 0.000000
vn 0.365351 -0.930870 0.000000
vn 0.456203 -0.889876 0.000000
vn 0.456203 -0.889876 0.000000
vn 0.542534 -0.840034 0.000000
vn 0.542534 -0.840034 0.000000
vn 0.623493 -0.781829 0.000000
vn 0.623493 -0.781829 0.000000
vn 0.698255 -0.715849 0.000000
vn 0.698255 -0.715849 0.000000
vn 0.766044 -0.642789 0.000000
vn 0.766044 -0.642789 0.000000
vn 0.826239 -0.563320 0.000000
vn 0.826239 -0.563320 0.000000
vn 0.878210 -0.478275 0.000000
vn 0.878210 -0.478275 0.000000
vn 0.921487 -0.388409 0.000000
vn 0.921487 -0.388409 0.000000
vn 0.955562 -0.294790 0.000000
vn 0.955562 -0.294790 0.000000
vn 0.980178 -0.198121 0.000000
vn 0.980178 -0.198121 0.000000
vn 0.995033 -0.099550 0.000000
vn 0.995033 -0.099550 0.000000
vn 1.000000 0.000000 0.000000
vn 1.000000 0.000000 0.000000
vn 0.995033 0.099550 -0.000000
vn 0.995033 0.099550 0.000000
vn 0.980178 0.198121 0.000000
vn 0.980178 0.198121 0.000000
vn 0.955562 0.294790 0.000000
vn 0.955562 0.294790 0.000000
vn 0.921487 0.388409 0.000000
vn 0.921487 0.388409 0.000000
vn 0.878210 0.478275 0.000000
vn 0.878210 0.478275 0.000000
vn 0.826239 0.563320 0.000000
vn 0.826239 0.563320 0.000000
vn 0.766044 0.642789 0.000000
vn 0.766044 0.642789 0.000000
vn 0.698255 0.715849 0.000000
vn 0.698255 0.715849 0.000000
vn 0.623493 0.781829 0.000000
vn 0.542533 0.840034 -0.000000
vn 0.623493 0.781829 0.000000
vn 0.542533 0.840034 0.000000
vn 0.456204 0.889875 0.000000
vn 0.456204 0.889875 0.000000
vn 0.365349 0.930871 0.000000
vn 0.365349 0.930871 0.000000
vn 0.270841 0.962624 0.000000
vn 0.270841 0.962624 0.000000
vn 0.173641 0.984809 0.000000
vn 0.173641 0.984809 0.000000
vn 0.074733 0.997204 0.000000
vn 0.074733 0.997204 0.000000
vn -0.024929 0.999689 0.000000
vn -0.024929 0.999689 0.000000
vn -0.124342 0.992239 0.000000
vn -0.124342 0.992239 0.000000
vn -0.222522 0.974928 0.000000
vn -0.222522 0.974928 0.000000
vn -0.318505 0.947921 0.000000
vn -0.318505 0.947921 0.000000
vn -0.411266 0.911516 0.000000
vn -0.411266 0.911516 0.000000
vn -0.500006 0.866022 0.000000
vn -0.500006 0.866022 0.000000
vn -0.583738 0.811942 0.000000
vn -0.583738 0.811942 0.000000
vn -0.661702 0.749767 0.000000
vn -0.661702 0.749767 0.000000
vn -0.733040 0.680186 0.000000
vn -0.733040 0.680186 0.000000
vn -0.797139 0.603796 0.000000
vn -0.797139 0.603796 0.000000
vn -0.853287 0.521441 0.000000
vn -0.853287 0.521441 0.000000
vn -0.900965 0.433893 0.000000
vn -0.900965 0.433893 0.000000
vn -0.939700 0.341999 0.000000
vn -0.939700 0.341999 0.000000
vn -0.969083 0.246734 0.000000
vn -0.969083 0.246734 0.000000
vn -0.988825 0.149079 0.000000
vn -0.998757 0.049836 0.000000
vn -0.988825 0.149079 0.000000
vn -0.998757 0.049836 0.000000
vn 0.000000 0.000000 1.000000
vn 0.000000 0.000000 1.000000
vn 0.000000 0.000000 1.000000
vn 0.000000 0.000000 1.000000
vn 0.000000 0.000000 1.000000
vn 0.000000 0.000000 1.000000
vn 0.000000 0.000000 1.000000
vn 0.000000 0.000000 1.000000
vn 0.000000 0.000000 1.000000
vn 0.000000 0.000000 1.000000
vn 0.000000 0.000000 1.000000
vn 0.000000 0.000000 1.000000
vn 0.000000 0.000000 1.000000
vn 0.000000 0.000000 1.000000
vn 0.000000 0.000000 1.000000
vn 0.000000 0.000000 1.000000
vn 0.000000 0.000000 1.000000
vn 0.000000 0.000000 1.000000
vn 0.000000 0.000000 1.000000
vn 0.000000 0.000000 1.000000
vn 0.000000 0.000000 1.000000
vn 0.000000 0.000000 1.000000
vn 0.000000 0.000000 1.000000
vn 0.000000 0.000000 1.000000
vn 0.000000 0.000000 1.000000
vn 0.000000 0.000000 1.000000
vn 0.000000 0.000000 1.000000
vn 0.000000 0.000000 1.000000
vn 0.000000 0.000000 1.000000
vn 0.000000 0.000000 1.000000
vn 0.000000 0.000000 1.000000
vn 0.000000 0.000000 1.000000
vn 0.000000 0.000000 1.000000
vn 0.000000 0.000000 1.000000
vn 0.000000 0.000000 1.000000
vn 0.000000 0.000000 1.000000
vn 0.000000 0.000000 1.000000
vn 0.000000 0.000000 1.000000
vn 0.000000 0.000000 1.000000
vn 0.000000 0.000000 1.000000
vn 0.000000 0.000000 1.000000
vn 0.000000 0.000000 1.000000
vn 0.000000 0.000000 1.000000
vn 0.000000 0.000000 1.000000
vn 0.000000 0.000000 1.000000
vn 0.000000 0.000000 1.000000
vn 0.000000 0.000000 1.000000
vn 0.000000 0.000000 1.000000
vn 0.000000 0.000000 1.000000
vn 0.000000 0.000000 1.000000
vn 0.000000 0.000000 1.000000
vn 0.000000 0.000000 1.000000
vn 0.000000 0.000000 1.000000
vn 0.000000 0.000000 1.000000
vn 0.000000 0.000000 1.000000
vn 0.000000 0.000000 1.000000
vn 0.000000 0.000000 1.000000
vn 0.000000 0.000000 1.000000
vn 0.000000 0.000000 1.000000
vn 0.000000 0.000000 1.000000
vn 0.000000 0.000000 1.000000
vn 1.000000 -0.000000 0.000000
vn 1.000000 0.000000 0.000000
vn 1.000000 0.000000 0.000000
vn 1.000000 -0.000000 0.000000
vn 1.000000 0.000000 0.000000
vn 0.000000 -1.000000 0.000000
vn 0.000000 -1.000000 0.000000
vn -1.000000 0.000000 0.000000
vn -1.000000 0.000000 0.000000
vn 0.000000 -1.000000 0.000000
vn 0.000000 -1.000000 0.000000
vn 0.000000 0.000000 -1.000000
vn 0.000000 0.000000 -1.000000
vn 1.000000 0.000000 0.000000
vn 1.000000 -0.000000 0.000000
vn 0.000000 -1.000000 0.000000
vn 0.000000 -1.000000 0.000000
vn 0.000000 -1.000000 0.000000
vn 0.000000 -1.000000 0.000000
vn 0.000000 -1.000000 0.000000
vn 0.000000 -1.000000 0.000000
vn 0.000000 0.000000 -1.000000
vn 0.000000 0.000000 -1.000000
vn -1.000000 0.000000 0.000000
vn -1.000000 0.000000 0.000000
vn -1.000000 0.000000 0.000000
vn -1.000000 0.000000 0.000000
vn -1.000000 0.000000 0.000000
vn 0.000000 0.000000 1.000000
vn 0.000000 0.000000 1.000000
vn 0.000000 0.000000 1.000000
vn 0.000000 0.000000 1.000000
vn 0.000000 0.000000 1.000000
vn 0.000000 -0.000000 1.000000
vn 0.000000 0.000000 1.000000
vn 0.000000 0.000000 1.000000
vn 0.000000 0.000000 1.000000
vn 0.000000 0.000000 1.000000
vn 0.000000 0.000000 1.000000
vn 0.000000 0.000000 1.000000
vn 0.000000 0.000000 1.000000
vn 0.000000 0.000000 1.000000
vn 0.000000 0.000000 1.000000
vn 0.000000 0.000000 1.000000
vn 0.000000 0.000000 1.000000
vn 0.000000 0.000000 1.000000
vn 0.000000 0.000000 1.000000
vn 0.000000 0.000000 1.000000
vn 0.000000 0.000000 1.000000
vn 0.000000 0.000000 1.000000
vn 0.000000 0.000000 1.000000
vn 0.000000 0.000000 1.000000
vn 0.000000 0.000000 1.000000
vn 0.000000 0.000000 1.000000
vn 0.000000 0.000000 1.000000
vn 0.000000 0.000000 1.000000
vn 0.000000 0.000000 1.000000
vn 0.000000 0.000000 1.000000
vn 0.000000 0.000000 1.000000
vn 0.000000 0.000000 1.000000
vn 0.000000 0.000000 1.000000
vn 0.000000 0.000000 1.000000
vn 0.000000 0.000000 1.000000
vn 0.000000 0.000000 1.000000
vn 0.000000 0.000000 1.000000
vn 0.000000 0.000000 1.000000
vn 0.000000 0.000000 1.000000
vn 0.000000 0.000000 1.000000
vn 0.000000 0.000000 1.000000
vn 0.000000 0.000000 1.000000
vn 0.000000 0.000000 1.000000
vn 0.000000 0.000000 1.000000
vn 0.000000 0.000000 1.000000
vn 0.000000 0.000000 1.000000
vn 0.000000 0.000000 1.000000
vn 0.000000 0.000000 1.000000
vn 0.000000 0.000000 1.000000
vn 0.000000 0.000000 1.000000
vn 0.000000 -0.000000 1.000000
vn 0.000000 -0.000000 1.000000
vn 0.000000 0.000000 1.000000
vn 0.000000 0.000000 1.000000
vn 0.000000 0.000000 1.000000
vn 0.000000 0.000000 1.000000
vn 0.000000 0.000000 1.000000
vn 1.000000 0.000000 0.000000
vn 1.000000 -0.000000 0.000000
vn -1.000000 0.000000 0.000000
vn -1.000000 0.000000 0.000000
vn -0.612587 -0.790403 -0.000000
vn -0.533579 -0.845751 -0.000027
vn -0.611579 -0.791183 0.000027
vn -0.449607 -0.893227 -0.000052
vn -0.530332 -0.847790 0.000053
vn -0.361446 -0.932393 -0.000076
vn -0.443899 -0.896077 0.000078
vn -0.269923 -0.962882 -0.000098
vn -0.353097 -0.935587 0.000101
vn -0.175870 -0.984413 -0.000119
vn -0.258829 -0.965923 0.000123
vn -0.080214 -0.996778 -0.000138
vn -0.162035 -0.986785 0.000142
vn 0.016213 -0.999869 -0.000156
vn -0.063643 -0.997973 0.000161
vn 0.035346 -0.999375 0.000178
vn 0.112481 -0.993654 -0.000173
vn 0.134027 -0.990978 0.000194
vn 0.207702 -0.978192 -0.000188
vn 0.231360 -0.972868 0.000208
vn 0.300985 -0.953629 -0.000202
vn 0.326457 -0.945212 0.000221
vn 0.391479 -0.920187 -0.000213
vn 0.418338 -0.908291 0.000233
vn 0.478318 -0.878187 -0.000224
vn 0.560721 -0.828004 0.000000
vn 0.506101 -0.862474 0.000243
vn 0.562657 -0.826691 -0.000251
vn 0.588926 -0.808187 0.000314
vn 0.637156 -0.770735 -0.000292
vn 0.665960 -0.745987 0.000328
vn 0.707106 -0.707107 -0.000304
vn 0.826726 -0.562604 0.000000
vn 0.770731 -0.637160 -0.000310
vn 0.736476 -0.676463 0.000337
vn 0.825305 -0.564688 -0.000258
vn 0.799769 -0.600308 0.000341
vn 0.855214 -0.518275 0.000267
vn 0.874880 -0.484339 -0.000223
vn 0.915648 -0.401981 -0.000201
vn 0.902280 -0.431151 0.000251
vn 0.948684 -0.316225 -0.000168
vn 0.940495 -0.339808 0.000223
vn 0.973707 -0.227806 -0.000123
vn 0.969491 -0.245125 0.000184
vn 0.990508 -0.137458 -0.000067
vn 0.988981 -0.148045 0.000134
vn 0.998944 -0.045948 0.000000
vn 0.999022 0.044208 0.000000
vn 0.998774 -0.049509 0.000073
vn 0.999022 0.044208 0.000000
vn 0.991212 0.132285 0.000000
vn 0.975652 0.219324 0.000000
vn 0.991212 0.132285 0.000000
vn 0.952466 0.304646 0.000000
vn 0.975652 0.219324 0.000000
vn 0.921831 0.387593 0.000000
vn 0.952466 0.304646 0.000000
vn 0.883990 0.467506 0.000000
vn 0.921831 0.387593 0.000000
vn 0.839241 0.543759 0.000000
vn 0.883990 0.467506 0.000000
vn 0.787927 0.615769 0.000000
vn 0.839241 0.543759 0.000000
vn 0.787927 0.615769 0.000000
vn 0.787927 -0.615768 0.000000
vn 0.787927 -0.615768 0.000000
vn 0.839240 -0.543762 0.000000
vn 0.839240 -0.543762 0.000000
vn 0.883991 -0.467503 0.000000
vn 0.883991 -0.467503 0.000000
vn 0.921832 -0.387589 0.000000
vn 0.921832 -0.387589 0.000000
vn 0.952465 -0.304648 0.000000
vn 0.952465 -0.304648 0.000000
vn 0.975653 -0.219322 0.000000
vn 0.975653 -0.219322 0.000000
vn 0.991212 -0.132285 0.000000
vn 0.991212 -0.132285 0.000000
vn 0.999022 -0.044208 0.000000
vn 0.999022 -0.044208 0.000000
vn 0.998925 0.046348 0.000000
vn 0.998774 0.049509 0.000081
vn 0.990342 0.138646 -0.000076
vn 0.988981 0.148045 0.000152
vn 0.973249 0.229753 -0.000141
vn 0.969491 0.245126 0.000211
vn 0.947793 0.318887 -0.000194
vn 0.940496 0.339805 0.000259
vn 0.914194 0.405276 -0.000237
vn 0.902279 0.431153 0.000296
vn 0.872738 0.488189 -0.000268
vn 0.823784 0.566903 -0.000289
vn 0.855215 0.518273 0.000322
vn 0.767751 0.640748 -0.000298
vn 0.799766 0.600312 0.000337
vn 0.705122 0.709086 -0.000296
vn 0.736476 0.676463 0.000340
vn 0.560715 0.828009 0.000000
vn 0.636433 0.771332 -0.000283
vn 0.665965 0.745983 0.000333
vn 0.562650 0.826695 -0.000251
vn 0.588923 0.808189 0.000314
vn 0.478322 0.878185 -0.000224
vn 0.506108 0.862470 0.000243
vn 0.391475 0.920189 -0.000214
vn 0.418330 0.908295 0.000233
vn 0.300989 0.953628 -0.000201
vn 0.326451 0.945214 0.000221
vn 0.207702 0.978192 -0.000188
vn 0.231370 0.972866 0.000209
vn 0.112479 0.993654 -0.000173
vn 0.134020 0.990979 0.000194
vn 0.016210 0.999869 -0.000156
vn 0.035358 0.999375 0.000178
vn -0.080209 0.996778 -0.000138
vn -0.063650 0.997972 0.000161
vn -0.175882 0.984411 -0.000119
vn -0.162037 0.986785 0.000143
vn -0.269916 0.962884 -0.000098
vn -0.258833 0.965922 0.000122
vn -0.361441 0.932395 -0.000076
vn -0.353093 0.935588 0.000101
vn -0.449601 0.893230 -0.000052
vn -0.443889 0.896082 0.000078
vn -0.533579 0.845751 -0.000027
vn -0.530334 0.847789 0.000053
vn -0.612589 0.790402 0.000000
vn -0.611579 0.791183 0.000027
f 1//1 2//1 3//1
f 1//2 3//2 4//2
f 5//3 4//3 6//3
f 5//4 6//4 7//4
f 5//5 1//5 4//5
f 8//6 5//6 7//6
f 9//7 7//7 10//7
f 9//8 10//8 11//8
f 9//9 8//9 7//9
f 12//10 11//10 13//10
f 12//11 9//11 11//11
f 14//12 12//12 13//12
f 15//13 13//13 16//13
f 15//14 14//14 13//14
f 17//15 16//15 18//15
f 17//16 18//16 19//16
f 17//17 15//17 16//17
f 20//18 17//18 19//18
f 21//19 19//19 22//19
f 21//20 20//20 19//20
f 23//21 22//21 24//21
f 23//22 21//22 22//22
f 25//23 24//23 26//23
f 25//24 23//24 24//24
f 27//25 26//25 28//25
f 27//26 28//26 29//26
f 27//27 25//27 26//27
f 30//28 27//28 29//28
f 31//29 29//29 32//29
f 31//30 30//30 29//30
f 33//31 32//31 34//31
f 33//32 31//32 32//32
f 35//33 33//33 34//33
f 35//34 36//34 33//34
f 37//35 38//35 39//35
f 40//36 38//36 37//36
f 34//37 40//37 35//37
f 35//38 40//38 37//38
f 41//39 42//39 43//39
f 44//40 45//40 46//40
f 47//41 44//41 46//41
f 48//42 41//42 49//42
f 48//43 46//43 42//43
f 48//44 42//44 41//44
f 50//45 51//45 47//45
f 50//46 47//46 46//46
f 52//47 48//47 53//47
f 40//48 52//48 54//48
f 55//49 52//49 40//49
f 55//50 56//50 50//50
f 55//51 46//51 48//51
f 55//52 48//52 52//52
f 55//53 50//53 46//53
f 57//54 55//54 40//54
f 58//55 55//55 57//55
f 59//56 60//56 61//56
f 62//57 63//57 64//57
f 65//58 59//58 61//58
f 65//59 62//59 64//59
f 65//60 64//60 59//60
f 66//61 65//61 61//61
f 67//62 58//62 57//62
f 68//63 66//63 61//63
f 69//64 70//64 68//64
f 71//65 68//65 61//65
f 71//66 69//66 68//66
f 72//67 71//67 61//67
f 72//68 73//68 71//68
f 72//69 74//69 73//69
f 75//70 58//70 67//70
f 75//71 61//71 58//71
f 75//72 72//72 61//72
f 34//73 57//73 40//73
f 29//74 34//74 32//74
f 28//75 34//75 29//75
f 24//76 28//76 26//76
f 19//77 24//77 22//77
f 19//78 34//78 28//78
f 19//79 28//79 24//79
f 18//80 34//80 19//80
f 13//81 18//81 16//81
f 13//82 34//82 18//82
f 7//83 11//83 10//83
f 7//84 13//84 11//84
f 6//85 34//85 13//85
f 6//86 13//86 7//86
f 3//87 6//87 4//87
f 3//88 34//88 6//88
f 76//89 57//89 34//89
f 76//90 34//90 3//90
f 77//91 78//91 76//91
f 77//92 76//92 3//92
f 79//93 78//93 77//93
f 79//94 75//94 67//94
f 79//95 67//95 78//95
f 80//96 81//96 82//96
f 80//97 77//97 81//97
f 80//98 79//98 77//98
f 83//99 84//99 79//99
f 83//100 85//100 84//100
f 86//101 87//101 83//101
f 86//102 79//102 80//102
f 86//103 83//103 79//103
f 88//104 89//104 90//104
f 91//105 86//105 80//105
f 91//106 92//106 86//106
f 93//107 89//107 88//107
f 93//108 91//108 80//108
f 93//109 88//109 94//109
f 93//110 80//110 89//110
f 3//111 2//111 77//111
f 77//112 2//112 95//112
f 96//113 97//113 79//113
f 96//114 79//114 84//114
f 98//115 84//115 85//115
f 98//116 85//116 83//116
f 98//117 96//117 84//117
f 99//118 98//118 83//118
f 100//119 83//119 87//119
f 100//120 87//120 86//120
f 100//121 99//121 83//121
f 101//122 86//122 92//122
f 101//123 100//123 86//123
f 102//124 101//124 92//124
f 103//125 92//125 91//125
f 103//126 102//126 92//126
f 104//127 91//127 93//127
f 104//128 103//128 91//128
f 105//129 93//129 94//129
f 105//130 94//130 88//130
f 105//131 104//131 93//131
f 106//132 88//132 90//132
f 106//133 105//133 88//133
f 107//134 106//134 90//134
f 108//135 90//135 89//135
f 108//136 107//136 90//136
f 109//137 89//137 80//137
f 109//138 108//138 89//138
f 110//139 80//139 82//139
f 110//140 109//140 80//140
f 111//141 82//141 81//141
f 111//142 81//142 77//142
f 111//143 110//143 82//143
f 95//144 111//144 77//144
f 112//145 75//145 79//145
f 112//146 79//146 97//146
f 113//147 58//147 61//147
f 114//148 61//148 60//148
f 114//149 113//149 61//149
f 115//150 114//150 60//150
f 116//151 60//151 59//151
f 116//152 115//152 60//152
f 117//153 59//153 64//153
f 117//154 116//154 59//154
f 118//155 64//155 63//155
f 118//156 117//156 64//156
f 119//157 63//157 62//157
f 119//158 62//158 65//158
f 119//159 118//159 63//159
f 120//160 119//160 65//160
f 121//161 65//161 66//161
f 121//162 120//162 65//162
f 122//163 66//163 68//163
f 122//164 68//164 70//164
f 122//165 121//165 66//165
f 123//166 122//166 70//166
f 124//167 70//167 69//167
f 124//168 123//168 70//168
f 125//169 69//169 71//169
f 125//170 124//170 69//170
f 126//171 71//171 73//171
f 126//172 73//172 74//172
f 126//173 125//173 71//173
f 127//174 126//174 74//174
f 128//175 74//175 72//175
f 128//176 127//176 74//176
f 112//177 72//177 75//177
f 112//178 128//178 72//178
f 129//179 58//179 113//179
f 130//180 129//180 113//180
f 131//181 132//181 133//181
f 131//182 55//182 132//182
f 55//183 58//183 129//183
f 55//184 129//184 132//184
f 129//185 134//185 135//185
f 129//186 130//186 134//186
f 136//187 135//187 137//187
f 135//188 134//188 137//188
f 138//189 139//189 140//189
f 141//190 139//190 138//190
f 136//191 141//191 135//191
f 135//192 141//192 138//192
f 38//193 40//193 54//193
f 142//194 38//194 54//194
f 143//195 54//195 52//195
f 143//196 52//196 53//196
f 143//197 142//197 54//197
f 144//198 143//198 53//198
f 145//199 53//199 48//199
f 145//200 144//200 53//200
f 146//201 48//201 49//201
f 146//202 49//202 41//202
f 146//203 145//203 48//203
f 147//204 146//204 41//204
f 148//205 41//205 43//205
f 148//206 147//206 41//206
f 149//207 43//207 42//207
f 149//208 148//208 43//208
f 150//209 42//209 46//209
f 150//210 149//210 42//210
f 151//211 46//211 45//211
f 151//212 150//212 46//212
f 152//213 45//213 44//213
f 152//214 44//214 47//214
f 152//215 151//215 45//215
f 153//216 152//216 47//216
f 154//217 47//217 51//217
f 154//218 153//218 47//218
f 155//219 51//219 50//219
f 155//220 154//220 51//220
f 156//221 50//221 56//221
f 156//222 56//222 55//222
f 156//223 155//223 50//223
f 131//224 156//224 55//224
f 78//225 67//225 157//225
f 67//226 158//226 157//226
f 57//227 159//227 67//227
f 67//228 159//228 158//228
f 57//229 76//229 160//229
f 159//230 57//230 160//230
f 160//231 76//231 78//231
f 160//232 78//232 157//232
f 140//233 132//233 138//233
f 133//234 132//234 140//234
f 135//235 138//235 132//235
f 129//236 135//236 132//236
f 139//237 141//237 161//237
f 162//238 161//238 163//238
f 162//239 139//239 161//239
f 164//240 163//240 165//240
f 164//241 162//241 163//241
f 166//242 165//242 167//242
f 166//243 164//243 165//243
f 168//244 167//244 169//244
f 168//245 166//245 167//245
f 170//246 169//246 171//246
f 170//247 168//247 169//247
f 172//248 171//248 173//248
f 172//249 170//249 171//249
f 174//250 173//250 175//250
f 174//251 172//251 173//251
f 176//252 174//252 175//252
f 176//253 175//253 177//253
f 178//254 176//254 177//254
f 178//255 177//255 179//255
f 180//256 178//256 179//256
f 180//257 179//257 181//257
f 182//258 180//258 181//258
f 182//259 181//259 183//259
f 184//260 185//260 186//260
f 187//261 182//261 183//261
f 187//262 183//262 185//262
f 188//263 185//263 184//263
f 188//264 187//264 185//264
f 189//265 188//265 184//265
f 189//266 184//266 190//266
f 191//267 189//267 190//267
f 191//268 190//268 192//268
f 193//269 191//269 192//269
f 193//270 192//270 194//270
f 195//271 193//271 194//271
f 195//272 194//272 196//272
f 197//273 195//273 196//273
f 197//274 196//274 198//274
f 199//275 197//275 198//275
f 199//276 198//276 200//276
f 201//277 200//277 202//277
f 201//278 199//278 200//278
f 203//279 202//279 204//279
f 203//280 201//280 202//280
f 205//281 204//281 206//281
f 205//282 203//282 204//282
f 207//283 206//283 208//283
f 207//284 205//284 206//284
f 209//285 208//285 210//285
f 209//286 207//286 208//286
f 211//287 210//287 212//287
f 211//288 209//288 210//288
f 213//289 212//289 214//289
f 213//290 211//290 212//290
f 215//291 214//291 216//291
f 215//292 213//292 214//292
f 217//293 216//293 218//293
f 217//294 215//294 216//294
f 219//295 218//295 220//295
f 219//296 217//296 218//296
f 221//297 220//297 222//297
f 221//298 219//298 220//298
f 223//299 224//299 225//299
f 226//300 225//300 227//300
f 226//301 223//301 225//301
f 228//302 227//302 229//302
f 228//303 226//303 227//303
f 230//304 229//304 231//304
f 230//305 228//305 229//305
f 232//306 231//306 233//306
f 232//307 230//307 231//307
f 234//308 233//308 235//308
f 234//309 232//309 233//309
f 236//310 235//310 237//310
f 236//311 234//311 235//311
f 238//312 237//312 239//312
f 238//313 236//313 237//313
f 240//314 238//314 239//314
f 240//315 239//315 241//315
f 242//316 240//316 241//316
f 242//317 241//317 243//317
f 244//318 242//318 243//318
f 244//319 243//319 245//319
f 246//320 244//320 245//320
f 246//321 245//321 247//321
f 248//322 249//322 250//322
f 251//323 246//323 247//323
f 251//324 247//324 249//324
f 252//325 249//325 248//325
f 252//326 251//326 249//326
f 253//327 252//327 248//327
f 253//328 248//328 254//328
f 255//329 253//329 254//329
f 255//330 254//330 256//330
f 257//331 258//331 259//331
f 260//332 255//332 256//332
f 260//333 256//333 258//333
f 261//334 260//334 258//334
f 261//335 258//335 257//335
f 262//336 261//336 257//336
f 262//337 257//337 263//337
f 264//338 262//338 263//338
f 264//339 263//339 265//339
f 266//340 264//340 265//340
f 266//341 265//341 267//341
f 268//342 267//342 269//342
f 268//343 266//343 267//343
f 270//344 269//344 271//344
f 270//345 268//345 269//345
f 272//346 271//346 273//346
f 272//347 270//347 271//347
f 274//348 273//348 275//348
f 274//349 272//349 273//349
f 276//350 275//350 277//350
f 276//351 274//351 275//351
f 278//352 277//352 279//352
f 278//353 276//353 277//353
f 280//354 279//354 281//354
f 280//355 278//355 279//355
f 282//356 281//356 283//356
f 282//357 280//357 281//357
f 284//358 283//358 285//358
f 284//359 282//359 283//359
f 137//360 284//360 285//360
f 137//361 285//361 136//361
f 224//362 223//362 286//362
f 286//363 223//363 287//363
f 257//364 186//364 185//364
f 257//365 259//365 186//365
f 263//366 185//366 183//366
f 263//367 257//367 185//367
f 265//368 183//368 181//368
f 265//369 263//369 183//369
f 267//370 181//370 179//370
f 267//371 265//371 181//371
f 269//372 179//372 177//372
f 269//373 267//373 179//373
f 271//374 177//374 175//374
f 271//375 269//375 177//375
f 273//376 175//376 173//376
f 273//377 271//377 175//377
f 275//378 173//378 171//378
f 275//379 273//379 173//379
f 277//380 171//380 169//380
f 277//381 275//381 171//381
f 279//382 167//382 165//382
f 279//383 169//383 167//383
f 279//384 277//384 169//384
f 281//385 279//385 165//385
f 283//386 163//386 161//386
f 283//387 165//387 163//387
f 283//388 281//388 165//388
f 285//389 161//389 141//389
f 285//390 283//390 161//390
f 136//391 285//391 141//391
f 250//392 288//392 289//392
f 249//393 290//393 288//393
f 249//394 288//394 250//394
f 247//395 291//395 290//395
f 247//396 290//396 249//396
f 245//397 292//397 291//397
f 245//398 291//398 247//398
f 243//399 293//399 292//399
f 243//400 292//400 245//400
f 241//401 294//401 293//401
f 241//402 293//402 243//402
f 239//403 295//403 294//403
f 239//404 294//404 241//404
f 237//405 296//405 295//405
f 237//406 295//406 239//406
f 235//407 297//407 296//407
f 235//408 296//408 237//408
f 233//409 298//409 297//409
f 233//410 297//410 235//410
f 231//411 299//411 298//411
f 231//412 298//412 233//412
f 229//413 300//413 299//413
f 229//414 299//414 231//414
f 227//415 301//415 300//415
f 227//416 300//416 229//416
f 225//417 302//417 301//417
f 225//418 301//418 227//418
f 224//419 286//419 302//419
f 224//420 302//420 225//420
f 303//421 222//421 304//421
f 221//422 222//422 303//422
f 250//423 289//423 305//423
f 248//424 250//424 305//424
f 124//425 125//425 306//425
f 118//426 307//426 117//426
f 119//427 307//427 118//427
f 119//428 308//428 307//428
f 123//429 124//429 308//429
f 120//430 308//430 119//430
f 122//431 123//431 308//431
f 121//432 308//432 120//432
f 121//433 122//433 308//433
f 137//434 134//434 130//434
f 112//435 97//435 287//435
f 112//436 287//436 223//436
f 309//437 9//437 12//437
f 309//438 12//438 14//438
f 309//439 14//439 15//439
f 309//440 15//440 17//440
f 309//441 17//441 20//441
f 310//442 20//442 21//442
f 310//443 21//443 23//443
f 310//444 23//444 25//444
f 310//445 25//445 27//445
f 310//446 27//446 30//446
f 310//447 309//447 20//447
f 311//448 2//448 1//448
f 311//449 1//449 5//449
f 311//450 5//450 8//450
f 311//451 8//451 9//451
f 311//452 9//452 309//452
f 312//453 30//453 31//453
f 312//454 31//454 33//454
f 312//455 310//455 30//455
f 313//456 2//456 311//456
f 314//457 312//457 33//457
f 315//458 2//458 313//458
f 316//459 314//459 33//459
f 317//460 2//460 315//460
f 318//461 316//461 33//461
f 319//462 2//462 317//462
f 320//463 318//463 33//463
f 321//464 2//464 319//464
f 322//465 320//465 33//465
f 323//466 2//466 321//466
f 324//467 322//467 33//467
f 325//468 2//468 323//468
f 326//469 324//469 33//469
f 327//470 2//470 325//470
f 328//471 326//471 33//471
f 329//472 328//472 33//472
f 329//473 33//473 36//473
f 329//474 330//474 328//474
f 329//475 331//475 330//475
f 329//476 332//476 331//476
f 329//477 333//477 332//477
f 329//478 334//478 333//478
f 329//479 335//479 334//479
f 329//480 336//480 335//480
f 337//481 338//481 339//481
f 337//482 340//482 338//482
f 337//483 341//483 340//483
f 337//484 327//484 341//484
f 337//485 2//485 327//485
f 337//486 342//486 343//486
f 337//487 344//487 342//487
f 337//488 345//488 344//488
f 337//489 339//489 345//489
f 346//490 347//490 336//490
f 346//491 336//491 329//491
f 348//492 337//492 343//492
f 348//493 343//493 349//493
f 350//494 351//494 347//494
f 350//495 347//495 346//495
f 352//496 348//496 349//496
f 352//497 349//497 353//497
f 354//498 329//498 36//498
f 355//499 356//499 351//499
f 355//500 351//500 350//500
f 357//501 353//501 358//501
f 357//502 352//502 353//502
f 359//503 356//503 355//503
f 359//504 360//504 356//504
f 361//505 357//505 358//505
f 361//506 358//506 362//506
f 363//507 360//507 359//507
f 363//508 364//508 360//508
f 365//509 361//509 362//509
f 365//510 362//510 366//510
f 367//511 364//511 363//511
f 367//512 368//512 364//512
f 369//513 365//513 366//513
f 369//514 366//514 370//514
f 371//515 368//515 367//515
f 371//516 372//516 368//516
f 373//517 369//517 370//517
f 373//518 370//518 374//518
f 375//519 372//519 371//519
f 376//520 373//520 374//520
f 376//521 374//521 377//521
f 378//522 372//522 375//522
f 378//523 379//523 372//523
f 380//524 376//524 377//524
f 380//525 377//525 381//525
f 382//526 379//526 378//526
f 382//527 383//527 379//527
f 384//528 380//528 381//528
f 384//529 381//529 385//529
f 386//530 383//530 382//530
f 386//531 387//531 383//531
f 388//532 384//532 385//532
f 388//533 385//533 389//533
f 390//534 391//534 387//534
f 390//535 387//535 386//535
f 392//536 388//536 389//536
f 392//537 389//537 393//537
f 394//538 391//538 390//538
f 394//539 395//539 391//539
f 396//540 392//540 393//540
f 396//541 393//541 397//541
f 398//542 399//542 395//542
f 398//543 395//543 394//543
f 400//544 396//544 397//544
f 400//545 397//545 401//545
f 402//546 399//546 398//546
f 402//547 403//547 399//547
f 404//548 400//548 401//548
f 404//549 403//549 402//549
f 404//550 401//550 403//550
f 405//551 2//551 337//551
f 95//552 2//552 405//552
f 406//553 407//553 405//553
f 408//554 405//554 407//554
f 409//555 405//555 410//555
f 409//556 406//556 405//556
f 411//557 405//557 408//557
f 412//558 410//558 413//558
f 412//559 409//559 410//559
f 414//560 405//560 411//560
f 415//561 413//561 416//561
f 415//562 412//562 413//562
f 417//563 405//563 414//563
f 418//564 415//564 416//564
f 418//565 416//565 419//565
f 420//566 405//566 417//566
f 421//567 419//567 422//567
f 421//568 418//568 419//568
f 423//569 405//569 420//569
f 423//570 95//570 405//570
f 424//571 422//571 425//571
f 424//572 421//572 422//572
f 426//573 95//573 423//573
f 427//574 425//574 428//574
f 427//575 424//575 425//575
f 429//576 95//576 426//576
f 430//577 428//577 431//577
f 430//578 427//578 428//578
f 432//579 95//579 429//579
f 433//580 431//580 434//580
f 433//581 430//581 431//581
f 435//582 95//582 432//582
f 436//583 433//583 434//583
f 436//584 434//584 437//584
f 438//585 95//585 435//585
f 439//586 437//586 440//586
f 439//587 436//587 437//587
f 441//588 95//588 438//588
f 442//589 439//589 440//589
f 442//590 440//590 443//590
f 444//591 95//591 441//591
f 445//592 442//592 443//592
f 445//593 443//593 446//593
f 447//594 108//594 109//594
f 447//595 109//595 110//595
f 447//596 110//596 111//596
f 447//597 111//597 95//597
f 447//598 95//598 444//598
f 448//599 446//599 449//599
f 448//600 445//600 446//600
f 450//601 105//601 106//601
f 450//602 106//602 107//602
f 450//603 107//603 108//603
f 450//604 108//604 447//604
f 451//605 448//605 449//605
f 451//606 449//606 452//606
f 104//607 105//607 450//607
f 453//608 451//608 452//608
f 103//609 450//609 454//609
f 103//610 104//610 450//610
f 455//611 456//611 453//611
f 455//612 453//612 452//612
f 102//613 103//613 454//613
f 457//614 456//614 455//614
f 457//615 458//615 456//615
f 101//616 102//616 454//616
f 459//617 460//617 458//617
f 459//618 458//618 457//618
f 100//619 101//619 454//619
f 99//620 100//620 454//620
f 461//621 462//621 460//621
f 461//622 460//622 459//622
f 98//623 99//623 454//623
f 98//624 454//624 463//624
f 464//625 462//625 461//625
f 464//626 465//626 462//626
f 96//627 98//627 463//627
f 97//628 466//628 467//628
f 97//629 468//629 466//629
f 97//630 469//630 468//630
f 97//631 470//631 469//631
f 97//632 471//632 470//632
f 97//633 472//633 471//633
f 97//634 473//634 472//634
f 97//635 463//635 473//635
f 97//636 96//636 463//636
f 474//637 465//637 464//637
f 474//638 475//638 465//638
f 476//639 475//639 474//639
f 476//640 477//640 475//640
f 478//641 477//641 476//641
f 479//642 480//642 477//642
f 479//643 477//643 478//643
f 481//644 482//644 480//644
f 481//645 480//645 479//645
f 483//646 484//646 482//646
f 483//647 482//647 481//647
f 485//648 486//648 484//648
f 485//649 484//649 483//649
f 487//650 488//650 486//650
f 487//651 486//651 485//651
f 489//652 490//652 488//652
f 489//653 488//653 487//653
f 491//654 492//654 490//654
f 491//655 490//655 489//655
f 287//656 97//656 467//656
f 287//657 492//657 491//657
f 287//658 493//658 492//658
f 287//659 494//659 493//659
f 287//660 495//660 494//660
f 287//661 496//661 495//661
f 287//662 497//662 496//662
f 287//663 498//663 497//663
f 287//664 467//664 498//664
f 499//665 253//665 255//665
f 500//666 499//666 255//666
f 500//667 255//667 260//667
f 501//668 253//668 499//668
f 501//669 252//669 253//669
f 502//670 260//670 261//670
f 502//671 500//671 260//671
f 503//672 252//672 501//672
f 503//673 251//673 252//673
f 504//674 261//674 262//674
f 504//675 502//675 261//675
f 505//676 251//676 503//676
f 505//677 246//677 251//677
f 506//678 262//678 264//678
f 506//679 504//679 262//679
f 507//680 246//680 505//680
f 507//681 244//681 246//681
f 508//682 264//682 266//682
f 508//683 506//683 264//683
f 509//684 244//684 507//684
f 509//685 242//685 244//685
f 510//686 266//686 268//686
f 510//687 508//687 266//687
f 511//688 242//688 509//688
f 511//689 240//689 242//689
f 512//690 268//690 270//690
f 512//691 510//691 268//691
f 513//692 240//692 511//692
f 513//693 238//693 240//693
f 514//694 270//694 272//694
f 514//695 512//695 270//695
f 515//696 238//696 513//696
f 515//697 236//697 238//697
f 516//698 272//698 274//698
f 516//699 514//699 272//699
f 517//700 236//700 515//700
f 517//701 234//701 236//701
f 518//702 274//702 276//702
f 518//703 516//703 274//703
f 519//704 234//704 517//704
f 519//705 232//705 234//705
f 520//706 276//706 278//706
f 520//707 518//707 276//707
f 521//708 232//708 519//708
f 521//709 230//709 232//709
f 522//710 278//710 280//710
f 522//711 520//711 278//711
f 523//712 230//712 521//712
f 523//713 228//713 230//713
f 524//714 280//714 282//714
f 524//715 522//715 280//715
f 525//716 226//716 228//716
f 525//717 228//717 523//717
f 526//718 282//718 284//718
f 526//719 524//719 282//719
f 527//720 226//720 525//720
f 527//721 223//721 226//721
f 528//722 284//722 137//722
f 528//723 526//723 284//723
f 529//724 223//724 527//724
f 530//725 528//725 137//725
f 531//726 223//726 529//726
f 532//727 530//727 137//727
f 533//728 223//728 531//728
f 534//729 532//729 137//729
f 535//730 223//730 533//730
f 536//731 534//731 137//731
f 537//732 223//732 535//732
f 538//733 536//733 137//733
f 539//734 223//734 537//734
f 540//735 538//735 137//735
f 541//736 223//736 539//736
f 542//737 540//737 137//737
f 543//738 223//738 541//738
f 112//739 223//739 543//739
f 112//740 544//740 306//740
f 112//741 545//741 544//741
f 112//742 546//742 545//742
f 112//743 547//743 546//743
f 112//744 548//744 547//744
f 112//745 549//745 548//745
f 112//746 550//746 549//746
f 112//747 543//747 550//747
f 113//748 137//748 130//748
f 113//749 551//749 542//749
f 113//750 552//750 551//750
f 113//751 542//751 137//751
f 113//752 553//752 552//752
f 113//753 554//753 553//753
f 113//754 555//754 554//754
f 113//755 556//755 555//755
f 113//756 557//756 556//756
f 113//757 558//757 557//757
f 128//758 112//758 306//758
f 114//759 558//759 113//759
f 114//760 307//760 558//760
f 127//761 128//761 306//761
f 115//762 307//762 114//762
f 126//763 127//763 306//763
f 116//764 307//764 115//764
f 125//765 126//765 306//765
f 117//766 307//766 116//766
f 124//767 306//767 308//767
f 354//768 559//768 560//768
f 354//769 560//769 329//769
f 561//770 562//770 405//770
f 337//771 561//771 405//771
f 562//772 561//772 563//772
f 564//773 562//773 563//773
f 565//774 566//774 567//774
f 565//775 563//775 566//775
f 565//776 564//776 563//776
f 568//777 567//777 569//777
f 568//778 565//778 567//778
f 570//779 568//779 569//779
f 571//780 569//780 572//780
f 571//781 570//781 569//781
f 573//782 572//782 574//782
f 573//783 571//783 572//783
f 575//784 574//784 576//784
f 575//785 573//785 574//785
f 577//786 576//786 578//786
f 577//787 575//787 576//787
f 579//788 578//788 580//788
f 579//789 577//789 578//789
f 581//790 580//790 582//790
f 581//791 579//791 580//791
f 583//792 582//792 584//792
f 583//793 581//793 582//793
f 585//794 584//794 586//794
f 585//795 583//795 584//795
f 587//796 586//796 588//796
f 587//797 585//797 586//797
f 589//798 588//798 590//798
f 589//799 587//799 588//799
f 552//800 553//800 591//800
f 591//801 553//801 592//801
f 553//802 554//802 592//802
f 592//803 554//803 593//803
f 554//804 555//804 593//804
f 593//805 555//805 594//805
f 555//806 556//806 594//806
f 594//807 556//807 595//807
f 556//808 557//808 595//808
f 595//809 557//809 596//809
f 557//810 558//810 596//810
f 596//811 558//811 597//811
f 597//812 558//812 598//812
f 558//813 307//813 598//813
f 307//814 308//814 598//814
f 598//815 308//815 599//815
f 308//816 306//816 599//816
f 599//817 306//817 600//817
f 600//818 544//818 601//818
f 306//819 544//819 600//819
f 601//820 545//820 602//820
f 544//821 545//821 601//821
f 602//822 546//822 603//822
f 545//823 546//823 602//823
f 603//824 547//824 604//824
f 546//825 547//825 603//825
f 604//826 548//826 605//826
f 547//827 548//827 604//827
f 605//828 549//828 606//828
f 548//829 549//829 605//829
f 606//830 550//830 607//830
f 549//831 550//831 606//831
f 607//832 543//832 608//832
f 550//833 543//833 607//833
f 543//834 541//834 608//834
f 608//835 541//835 609//835
f 541//836 539//836 609//836
f 609//837 539//837 610//837
f 610//838 539//838 611//838
f 539//839 537//839 611//839
f 611//840 537//840 612//840
f 537//841 535//841 612//841
f 535//842 533//842 612//842
f 612//843 533//843 613//843
f 533//844 531//844 613//844
f 613//845 531//845 614//845
f 531//846 529//846 614//846
f 614//847 529//847 615//847
f 529//848 527//848 615//848
f 615//849 527//849 616//849
f 527//850 525//850 616//850
f 616//851 525//851 617//851
f 525//852 523//852 617//852
f 617//853 523//853 618//853
f 523//854 521//854 618//854
f 618//855 521//855 619//855
f 521//856 519//856 619//856
f 619//857 519//857 620//857
f 519//858 517//858 620//858
f 620//859 517//859 621//859
f 517//860 515//860 621//860
f 621//861 515//861 622//861
f 515//862 513//862 622//862
f 622//863 513//863 623//863
f 623//864 513//864 624//864
f 513//865 511//865 624//865
f 511//866 509//866 624//866
f 624//867 509//867 625//867
f 509//868 507//868 625//868
f 625//869 507//869 626//869
f 507//870 505//870 626//870
f 626//871 505//871 627//871
f 627//872 503//872 628//872
f 505//873 503//873 627//873
f 628//874 501//874 629//874
f 503//875 501//875 628//875
f 629//876 499//876 630//876
f 501//877 499//877 629//877
f 630//878 500//878 631//878
f 499//879 500//879 630//879
f 631//880 502//880 632//880
f 632//881 502//881 633//881
f 500//882 502//882 631//882
f 502//883 504//883 633//883
f 504//884 506//884 633//884
f 633//885 506//885 634//885
f 506//886 508//886 634//886
f 634//887 508//887 635//887
f 635//888 510//888 636//888
f 508//889 510//889 635//889
f 636//890 512//890 637//890
f 510//891 512//891 636//891
f 637//892 514//892 638//892
f 512//893 514//893 637//893
f 638//894 516//894 639//894
f 514//895 516//895 638//895
f 639//896 518//896 640//896
f 516//897 518//897 639//897
f 640//898 520//898 641//898
f 518//899 520//899 640//899
f 641//900 522//900 642//900
f 520//901 522//901 641//901
f 642//902 524//902 643//902
f 522//903 524//903 642//903
f 643//904 526//904 644//904
f 524//905 526//905 643//905
f 644//906 528//906 645//906
f 526//907 528//907 644//907
f 645//908 530//908 646//908
f 528//909 530//909 645//909
f 646//910 532//910 647//910
f 530//911 532//911 646//911
f 647//912 534//912 648//912
f 532//913 534//913 647//913
f 648//914 536//914 649//914
f 534//915 536//915 648//915
f 649//916 538//916 650//916
f 536//917 538//917 649//917
f 650//918 540//918 651//918
f 538//919 540//919 650//919
f 651//920 542//920 652//920
f 540//921 542//921 651//921
f 652//922 551//922 653//922
f 653//923 551//923 591//923
f 542//924 551//924 652//924
f 551//925 552//925 591//925
f 633//926 631//926 632//926
f 638//927 633//927 634//927
f 638//928 634//928 635//928
f 638//929 635//929 636//929
f 638//930 636//930 637//930
f 640//931 638//931 639//931
f 642//932 640//932 641//932
f 616//933 617//933 618//933
f 616//934 618//934 619//934
f 616//935 619//935 620//935
f 645//936 640//936 642//936
f 645//937 642//937 643//937
f 645//938 643//938 644//938
f 614//939 615//939 616//939
f 648//940 645//940 646//940
f 648//941 646//941 647//941
f 649//942 645//942 648//942
f 611//943 612//943 613//943
f 650//944 645//944 649//944
f 610//945 611//945 613//945
f 651//946 645//946 650//946
f 609//947 610//947 613//947
f 609//948 613//948 614//948
f 607//949 608//949 609//949
f 592//950 652//950 653//950
f 592//951 653//951 591//951
f 605//952 606//952 607//952
f 596//953 592//953 593//953
f 596//954 593//954 594//954
f 596//955 594//955 595//955
f 596//956 652//956 592//956
f 601//957 602//957 603//957
f 601//958 603//958 604//958
f 601//959 604//959 605//959
f 600//960 601//960 605//960
f 599//961 614//961 616//961
f 599//962 640//962 645//962
f 599//963 638//963 640//963
f 599//964 596//964 597//964
f 599//965 597//965 598//965
f 599//966 616//966 620//966
f 599//967 620//967 621//967
f 599//968 609//968 614//968
f 599//969 621//969 622//969
f 599//970 622//970 623//970
f 599//971 623//971 624//971
f 599//972 624//972 625//972
f 599//973 625//973 626//973
f 599//974 626//974 627//974
f 599//975 627//975 628//975
f 599//976 628//976 629//976
f 599//977 629//977 630//977
f 599//978 630//978 631//978
f 599//979 605//979 607//979
f 599//980 651//980 652//980
f 599//981 631//981 633//981
f 599//982 652//982 596//982
f 599//983 645//983 651//983
f 599//984 600//984 605//984
f 599//985 607//985 609//985
f 599//986 633//986 638//986
f 477//987 480//987 654//987
f 654//988 480//988 655//988
f 480//989 482//989 655//989
f 655//990 482//990 656//990
f 482//991 484//991 656//991
f 656//992 484//992 657//992
f 484//993 486//993 657//993
f 657//994 486//994 658//994
f 486//995 488//995 658//995
f 658//996 488//996 659//996
f 488//997 490//997 659//997
f 659//998 490//998 660//998
f 660//999 490//999 661//999
f 490//1000 492//1000 661//1000
f 492//1001 493//1001 661//1001
f 661//1002 493//1002 662//1002
f 493//1003 494//1003 662//1003
f 662//1004 494//1004 663//1004
f 663//1005 495//1005 664//1005
f 494//1006 495//1006 663//1006
f 664//1007 496//1007 665//1007
f 495//1008 496//1008 664//1008
f 665//1009 497//1009 666//1009
f 496//1010 497//1010 665//1010
f 666//1011 498//1011 667//1011
f 497//1012 498//1012 666//1012
f 667//1013 467//1013 668//1013
f 498//1014 467//1014 667//1014
f 668//1015 466//1015 669//1015
f 467//1016 466//1016 668//1016
f 669//1017 468//1017 670//1017
f 466//1018 468//1018 669//1018
f 670//1019 469//1019 671//1019
f 468//1020 469//1020 670//1020
f 469//1021 470//1021 671//1021
f 671//1022 470//1022 672//1022
f 470//1023 471//1023 672//1023
f 672//1024 471//1024 673//1024
f 673//1025 471//1025 674//1025
f 471//1026 472//1026 674//1026
f 674//1027 472//1027 675//1027
f 472//1028 473//1028 675//1028
f 473//1029 463//1029 675//1029
f 675//1030 463//1030 676//1030
f 463//1031 454//1031 676//1031
f 676//1032 454//1032 677//1032
f 454//1033 450//1033 677//1033
f 677//1034 450//1034 678//1034
f 450//1035 447//1035 678//1035
f 678//1036 447//1036 679//1036
f 447//1037 444//1037 679//1037
f 679//1038 444//1038 680//1038
f 444//1039 441//1039 680//1039
f 680//1040 441//1040 681//1040
f 441//1041 438//1041 681//1041
f 681//1042 438//1042 682//1042
f 438//1043 435//1043 682//1043
f 682//1044 435//1044 683//1044
f 435//1045 432//1045 683//1045
f 683//1046 432//1046 684//1046
f 432//1047 429//1047 684//1047
f 684//1048 429//1048 685//1048
f 429//1049 426//1049 685//1049
f 685//1050 426//1050 686//1050
f 686//1051 426//1051 687//1051
f 426//1052 423//1052 687//1052
f 423//1053 420//1053 687//1053
f 687//1054 420//1054 688//1054
f 420//1055 417//1055 688//1055
f 688//1056 417//1056 689//1056
f 417//1057 414//1057 689//1057
f 689//1058 414//1058 690//1058
f 690//1059 411//1059 691//1059
f 414//1060 411//1060 690//1060
f 691//1061 408//1061 692//1061
f 411//1062 408//1062 691//1062
f 692//1063 407//1063 693//1063
f 408//1064 407//1064 692//1064
f 693//1065 406//1065 694//1065
f 407//1066 406//1066 693//1066
f 694//1067 409//1067 695//1067
f 695//1068 409//1068 696//1068
f 406//1069 409//1069 694//1069
f 409//1070 412//1070 696//1070
f 412//1071 415//1071 696//1071
f 696//1072 415//1072 697//1072
f 415//1073 418//1073 697//1073
f 697//1074 418//1074 698//1074
f 698//1075 421//1075 699//1075
f 418//1076 421//1076 698//1076
f 699//1077 424//1077 700//1077
f 421//1078 424//1078 699//1078
f 700//1079 427//1079 701//1079
f 424//1080 427//1080 700//1080
f 701//1081 430//1081 702//1081
f 427//1082 430//1082 701//1082
f 702//1083 433//1083 703//1083
f 430//1084 433//1084 702//1084
f 703//1085 436//1085 704//1085
f 433//1086 436//1086 703//1086
f 704//1087 439//1087 705//1087
f 436//1088 439//1088 704//1088
f 705//1089 442//1089 706//1089
f 439//1090 442//1090 705//1090
f 706//1091 445//1091 707//1091
f 442//1092 445//1092 706//1092
f 707//1093 448//1093 708//1093
f 445//1094 448//1094 707//1094
f 708//1095 451//1095 709//1095
f 448//1096 451//1096 708//1096
f 709//1097 453//1097 710//1097
f 451//1098 453//1098 709//1098
f 710//1099 456//1099 711//1099
f 453//1100 456//1100 710//1100
f 711//1101 458//1101 712//1101
f 456//1102 458//1102 711//1102
f 712//1103 460//1103 713//1103
f 458//1104 460//1104 712//1104
f 713//1105 462//1105 714//1105
f 460//1106 462//1106 713//1106
f 714//1107 465//1107 715//1107
f 462//1108 465//1108 714//1108
f 715//1109 475//1109 716//1109
f 716//1110 475//1110 654//1110
f 465//1111 475//1111 715//1111
f 475//1112 477//1112 654//1112
f 696//1113 694//1113 695//1113
f 690//1114 691//1114 692//1114
f 700//1115 696//1115 697//1115
f 700//1116 697//1116 698//1116
f 700//1117 698//1117 699//1117
f 683//1118 684//1118 685//1118
f 705//1119 703//1119 704//1119
f 681//1120 682//1120 683//1120
f 707//1121 703//1121 705//1121
f 707//1122 705//1122 706//1122
f 679//1123 680//1123 681//1123
f 676//1124 677//1124 678//1124
f 676//1125 678//1125 679//1125
f 711//1126 708//1126 709//1126
f 711//1127 709//1127 710//1127
f 712//1128 708//1128 711//1128
f 712//1129 707//1129 708//1129
f 674//1130 675//1130 676//1130
f 713//1131 707//1131 712//1131
f 714//1132 707//1132 713//1132
f 672//1133 683//1133 685//1133
f 672//1134 681//1134 683//1134
f 672//1135 673//1135 674//1135
f 672//1136 679//1136 681//1136
f 672//1137 685//1137 686//1137
f 672//1138 686//1138 687//1138
f 672//1139 687//1139 688//1139
f 672//1140 674//1140 676//1140
f 672//1141 688//1141 689//1141
f 672//1142 689//1142 690//1142
f 672//1143 692//1143 693//1143
f 672//1144 690//1144 692//1144
f 672//1145 676//1145 679//1145
f 715//1146 703//1146 707//1146
f 715//1147 707//1147 714//1147
f 715//1148 701//1148 702//1148
f 715//1149 702//1149 703//1149
f 654//1150 715//1150 716//1150
f 655//1151 715//1151 654//1151
f 657//1152 655//1152 656//1152
f 666//1153 667//1153 668//1153
f 666//1154 668//1154 669//1154
f 666//1155 669//1155 670//1155
f 666//1156 670//1156 671//1156
f 666//1157 671//1157 672//1157
f 658//1158 655//1158 657//1158
f 660//1159 658//1159 659//1159
f 660//1160 655//1160 658//1160
f 663//1161 664//1161 665//1161
f 663//1162 665//1162 666//1162
f 662//1163 660//1163 661//1163
f 662//1164 672//1164 693//1164
f 662//1165 701//1165 715//1165
f 662//1166 666//1166 672//1166
f 662//1167 693//1167 694//1167
f 662//1168 700//1168 701//1168
f 662//1169 715//1169 655//1169
f 662//1170 655//1170 660//1170
f 662//1171 694//1171 696//1171
f 662//1172 663//1172 666//1172
f 662//1173 696//1173 700//1173
f 372//1174 379//1174 717//1174
f 717//1175 379//1175 718//1175
f 379//1176 383//1176 718//1176
f 718//1177 383//1177 719//1177
f 383//1178 387//1178 719//1178
f 719//1179 387//1179 720//1179
f 387//1180 391//1180 720//1180
f 720//1181 391//1181 721//1181
f 391//1182 395//1182 721//1182
f 721//1183 395//1183 722//1183
f 395//1184 399//1184 722//1184
f 722//1185 399//1185 723//1185
f 723//1186 399//1186 724//1186
f 399//1187 403//1187 724//1187
f 403//1188 401//1188 724//1188
f 724//1189 401//1189 725//1189
f 401//1190 397//1190 725//1190
f 725//1191 397//1191 726//1191
f 726//1192 393//1192 727//1192
f 397//1193 393//1193 726//1193
f 727//1194 389//1194 728//1194
f 393//1195 389//1195 727//1195
f 728//1196 385//1196 729//1196
f 389//1197 385//1197 728//1197
f 729//1198 381//1198 730//1198
f 385//1199 381//1199 729//1199
f 730//1200 377//1200 731//1200
f 381//1201 377//1201 730//1201
f 731//1202 374//1202 732//1202
f 377//1203 374//1203 731//1203
f 732//1204 370//1204 733//1204
f 374//1205 370//1205 732//1205
f 733//1206 366//1206 734//1206
f 370//1207 366//1207 733//1207
f 366//1208 362//1208 734//1208
f 734//1209 362//1209 735//1209
f 362//1210 358//1210 735//1210
f 735//1211 358//1211 736//1211
f 736//1212 358//1212 737//1212
f 358//1213 353//1213 737//1213
f 737//1214 353//1214 738//1214
f 353//1215 349//1215 738//1215
f 349//1216 343//1216 738//1216
f 738//1217 343//1217 739//1217
f 343//1218 342//1218 739//1218
f 739//1219 342//1219 740//1219
f 342//1220 344//1220 740//1220
f 740//1221 344//1221 741//1221
f 344//1222 345//1222 741//1222
f 741//1223 345//1223 742//1223
f 345//1224 339//1224 742//1224
f 742//1225 339//1225 743//1225
f 339//1226 338//1226 743//1226
f 743//1227 338//1227 744//1227
f 338//1228 340//1228 744//1228
f 744//1229 340//1229 745//1229
f 340//1230 341//1230 745//1230
f 745//1231 341//1231 746//1231
f 341//1232 327//1232 746//1232
f 746//1233 327//1233 747//1233
f 327//1234 325//1234 747//1234
f 747//1235 325//1235 748//1235
f 325//1236 323//1236 748//1236
f 748//1237 323//1237 749//1237
f 749//1238 323//1238 750//1238
f 323//1239 321//1239 750//1239
f 321//1240 319//1240 750//1240
f 750//1241 319//1241 751//1241
f 319//1242 317//1242 751//1242
f 751//1243 317//1243 752//1243
f 317//1244 315//1244 752//1244
f 752//1245 315//1245 753//1245
f 753//1246 313//1246 754//1246
f 315//1247 313//1247 753//1247
f 754//1248 311//1248 755//1248
f 313//1249 311//1249 754//1249
f 755//1250 309//1250 756//1250
f 311//1251 309//1251 755//1251
f 756//1252 310//1252 757//1252
f 309//1253 310//1253 756//1253
f 757//1254 312//1254 758//1254
f 758//1255 312//1255 759//1255
f 310//1256 312//1256 757//1256
f 312//1257 314//1257 759//1257
f 314//1258 316//1258 759//1258
f 759//1259 316//1259 760//1259
f 316//1260 318//1260 760//1260
f 760//1261 318//1261 761//1261
f 761//1262 320//1262 762//1262
f 318//1263 320//1263 761//1263
f 762//1264 322//1264 763//1264
f 320//1265 322//1265 762//1265
f 763//1266 324//1266 764//1266
f 322//1267 324//1267 763//1267
f 764//1268 326//1268 765//1268
f 324//1269 326//1269 764//1269
f 765//1270 328//1270 766//1270
f 326//1271 328//1271 765//1271
f 766//1272 330//1272 767//1272
f 328//1273 330//1273 766//1273
f 767//1274 331//1274 768//1274
f 330//1275 331//1275 767//1275
f 768//1276 332//1276 769//1276
f 331//1277 332//1277 768//1277
f 769//1278 333//1278 770//1278
f 332//1279 333//1279 769//1279
f 770//1280 334//1280 771//1280
f 333//1281 334//1281 770//1281
f 771//1282 335//1282 772//1282
f 334//1283 335//1283 771//1283
f 772//1284 336//1284 773//1284
f 335//1285 336//1285 772//1285
f 773//1286 347//1286 774//1286
f 336//1287 347//1287 773//1287
f 774//1288 351//1288 775//1288
f 347//1289 351//1289 774//1289
f 775//1290 356//1290 776//1290
f 351//1291 356//1291 775//1291
f 776//1292 360//1292 777//1292
f 356//1293 360//1293 776//1293
f 777//1294 364//1294 778//1294
f 360//1295 364//1295 777//1295
f 778//1296 368//1296 779//1296
f 779//1297 368//1297 717//1297
f 364//1298 368//1298 778//1298
f 368//1299 372//1299 717//1299
f 759//1300 756//1300 757//1300
f 759//1301 757//1301 758//1301
f 761//1302 759//1302 760//1302
f 763//1303 761//1303 762//1303
f 746//1304 747//1304 748//1304
f 746//1305 748//1305 749//1305
f 768//1306 766//1306 767//1306
f 744//1307 745//1307 746//1307
f 770//1308 766//1308 768//1308
f 770//1309 765//1309 766//1309
f 770//1310 768//1310 769//1310
f 742//1311 743//1311 744//1311
f 772//1312 770//1312 771//1312
f 740//1313 742//1313 744//1313
f 740//1314 744//1314 746//1314
f 740//1315 741//1315 742//1315
f 740//1316 749//1316 750//1316
f 740//1317 750//1317 751//1317
f 740//1318 751//1318 752//1318
f 740//1319 746//1319 749//1319
f 775//1320 772//1320 773//1320
f 775//1321 773//1321 774//1321
f 775//1322 770//1322 772//1322
f 737//1323 738//1323 739//1323
f 737//1324 739//1324 740//1324
f 777//1325 775//1325 776//1325
f 778//1326 775//1326 777//1326
f 778//1327 765//1327 770//1327
f 778//1328 770//1328 775//1328
f 778//1329 763//1329 764//1329
f 778//1330 764//1330 765//1330
f 718//1331 779//1331 717//1331
f 731//1332 732//1332 733//1332
f 730//1333 733//1333 734//1333
f 730//1334 734//1334 735//1334
f 730//1335 731//1335 733//1335
f 720//1336 718//1336 719//1336
f 720//1337 779//1337 718//1337
f 720//1338 778//1338 779//1338
f 729//1339 735//1339 736//1339
f 729//1340 736//1340 737//1340
f 729//1341 737//1341 740//1341
f 729//1342 752//1342 753//1342
f 729//1343 753//1343 754//1343
f 729//1344 754//1344 755//1344
f 729//1345 730//1345 735//1345
f 729//1346 740//1346 752//1346
f 723//1347 720//1347 721//1347
f 723//1348 721//1348 722//1348
f 723//1349 778//1349 720//1349
f 726//1350 727//1350 728//1350
f 725//1351 723//1351 724//1351
f 725//1352 728//1352 729//1352
f 725//1353 763//1353 778//1353
f 725//1354 755//1354 756//1354
f 725//1355 729//1355 755//1355
f 725//1356 756//1356 759//1356
f 725//1357 759//1357 761//1357
f 725//1358 761//1358 763//1358
f 725//1359 778//1359 723//1359
f 725//1360 726//1360 728//1360
f 221//1361 303//1361 39//1361
f 38//1362 221//1362 39//1362
f 780//1363 781//1363 221//1363
f 782//1364 221//1364 781//1364
f 782//1365 219//1365 221//1365
f 783//1366 780//1366 221//1366
f 784//1367 217//1367 219//1367
f 784//1368 219//1368 782//1368
f 785//1369 783//1369 221//1369
f 786//1370 217//1370 784//1370
f 786//1371 215//1371 217//1371
f 787//1372 785//1372 221//1372
f 788//1373 215//1373 786//1373
f 788//1374 213//1374 215//1374
f 789//1375 787//1375 221//1375
f 790//1376 213//1376 788//1376
f 790//1377 211//1377 213//1377
f 791//1378 789//1378 221//1378
f 792//1379 209//1379 211//1379
f 792//1380 211//1380 790//1380
f 793//1381 221//1381 38//1381
f 793//1382 791//1382 221//1382
f 794//1383 207//1383 209//1383
f 794//1384 209//1384 792//1384
f 795//1385 793//1385 38//1385
f 796//1386 205//1386 207//1386
f 796//1387 207//1387 794//1387
f 797//1388 795//1388 38//1388
f 798//1389 203//1389 205//1389
f 798//1390 205//1390 796//1390
f 799//1391 797//1391 38//1391
f 800//1392 201//1392 203//1392
f 800//1393 203//1393 798//1393
f 801//1394 799//1394 38//1394
f 802//1395 199//1395 201//1395
f 802//1396 201//1396 800//1396
f 803//1397 801//1397 38//1397
f 804//1398 197//1398 199//1398
f 804//1399 199//1399 802//1399
f 805//1400 803//1400 38//1400
f 806//1401 195//1401 197//1401
f 806//1402 197//1402 804//1402
f 807//1403 805//1403 38//1403
f 808//1404 195//1404 806//1404
f 808//1405 193//1405 195//1405
f 809//1406 38//1406 142//1406
f 809//1407 142//1407 143//1407
f 809//1408 143//1408 144//1408
f 809//1409 144//1409 145//1409
f 809//1410 145//1410 146//1410
f 809//1411 807//1411 38//1411
f 810//1412 193//1412 808//1412
f 811//1413 146//1413 147//1413
f 811//1414 147//1414 148//1414
f 811//1415 809//1415 146//1415
f 149//1416 811//1416 148//1416
f 191//1417 193//1417 810//1417
f 812//1418 191//1418 810//1418
f 150//1419 811//1419 149//1419
f 189//1420 191//1420 812//1420
f 189//1421 812//1421 813//1421
f 151//1422 814//1422 811//1422
f 151//1423 811//1423 150//1423
f 188//1424 189//1424 813//1424
f 188//1425 813//1425 815//1425
f 152//1426 814//1426 151//1426
f 153//1427 814//1427 152//1427
f 187//1428 188//1428 815//1428
f 187//1429 815//1429 816//1429
f 154//1430 814//1430 153//1430
f 182//1431 816//1431 817//1431
f 182//1432 187//1432 816//1432
f 155//1433 814//1433 154//1433
f 156//1434 818//1434 814//1434
f 156//1435 814//1435 155//1435
f 180//1436 182//1436 817//1436
f 180//1437 817//1437 819//1437
f 131//1438 820//1438 818//1438
f 131//1439 821//1439 820//1439
f 131//1440 822//1440 821//1440
f 131//1441 823//1441 822//1441
f 131//1442 824//1442 823//1442
f 131//1443 825//1443 824//1443
f 131//1444 818//1444 156//1444
f 131//1445 826//1445 825//1445
f 131//1446 827//1446 826//1446
f 178//1447 180//1447 819//1447
f 178//1448 819//1448 828//1448
f 176//1449 178//1449 828//1449
f 176//1450 828//1450 829//1450
f 174//1451 176//1451 829//1451
f 174//1452 829//1452 830//1452
f 172//1453 174//1453 830//1453
f 172//1454 830//1454 831//1454
f 170//1455 172//1455 831//1455
f 170//1456 831//1456 832//1456
f 168//1457 170//1457 832//1457
f 168//1458 832//1458 833//1458
f 166//1459 168//1459 833//1459
f 166//1460 833//1460 834//1460
f 164//1461 166//1461 834//1461
f 164//1462 834//1462 835//1462
f 162//1463 164//1463 835//1463
f 162//1464 835//1464 836//1464
f 139//1465 162//1465 836//1465
f 139//1466 837//1466 827//1466
f 139//1467 838//1467 837//1467
f 139//1468 839//1468 838//1468
f 139//1469 840//1469 839//1469
f 139//1470 841//1470 840//1470
f 139//1471 842//1471 841//1471
f 139//1472 836//1472 842//1472
f 139//1473 827//1473 131//1473
f 133//1474 139//1474 131//1474
f 140//1475 139//1475 133//1475
f 825//1476 826//1476 843//1476
f 843//1477 826//1477 844//1477
f 826//1478 827//1478 844//1478
f 844//1479 827//1479 845//1479
f 827//1480 837//1480 845//1480
f 845//1481 837//1481 846//1481
f 837//1482 838//1482 846//1482
f 846//1483 838//1483 847//1483
f 838//1484 839//1484 847//1484
f 847//1485 839//1485 848//1485
f 839//1486 840//1486 848//1486
f 848//1487 840//1487 849//1487
f 849//1488 840//1488 850//1488
f 840//1489 841//1489 850//1489
f 841//1490 842//1490 850//1490
f 850//1491 842//1491 851//1491
f 842//1492 836//1492 851//1492
f 851//1493 836//1493 852//1493
f 852//1494 835//1494 853//1494
f 836//1495 835//1495 852//1495
f 853//1496 834//1496 854//1496
f 835//1497 834//1497 853//1497
f 854//1498 833//1498 855//1498
f 834//1499 833//1499 854//1499
f 855//1500 832//1500 856//1500
f 833//1501 832//1501 855//1501
f 856//1502 831//1502 857//1502
f 832//1503 831//1503 856//1503
f 857//1504 830//1504 858//1504
f 831//1505 830//1505 857//1505
f 858//1506 829//1506 859//1506
f 830//1507 829//1507 858//1507
f 859//1508 828//1508 860//1508
f 829//1509 828//1509 859//1509
f 828//1510 819//1510 860//1510
f 860//1511 819//1511 861//1511
f 819//1512 817//1512 861//1512
f 861//1513 817//1513 862//1513
f 862//1514 817//1514 863//1514
f 817//1515 816//1515 863//1515
f 863//1516 816//1516 864//1516
f 816//1517 815//1517 864//1517
f 815//1518 813//1518 864//1518
f 864//1519 813//1519 865//1519
f 813//1520 812//1520 865//1520
f 865//1521 812//1521 866//1521
f 812//1522 810//1522 866//1522
f 866//1523 810//1523 867//1523
f 810//1524 808//1524 867//1524
f 867//1525 808//1525 868//1525
f 808//1526 806//1526 868//1526
f 868//1527 806//1527 869//1527
f 806//1528 804//1528 869//1528
f 869//1529 804//1529 870//1529
f 804//1530 802//1530 870//1530
f 870//1531 802//1531 871//1531
f 802//1532 800//1532 871//1532
f 871//1533 800//1533 872//1533
f 800//1534 798//1534 872//1534
f 872//1535 798//1535 873//1535
f 798//1536 796//1536 873//1536
f 873//1537 796//1537 874//1537
f 796//1538 794//1538 874//1538
f 874//1539 794//1539 875//1539
f 875//1540 794//1540 876//1540
f 794//1541 792//1541 876//1541
f 792//1542 790//1542 876//1542
f 876//1543 790//1543 877//1543
f 790//1544 788//1544 877//1544
f 877//1545 788//1545 878//1545
f 788//1546 786//1546 878//1546
f 878//1547 786//1547 879//1547
f 879//1548 784//1548 880//1548
f 786//1549 784//1549 879//1549
f 880//1550 782//1550 881//1550
f 784//1551 782//1551 880//1551
f 881//1552 781//1552 882//1552
f 782//1553 781//1553 881//1553
f 882//1554 780//1554 883//1554
f 781//1555 780//1555 882//1555
f 883//1556 783//1556 884//1556
f 884//1557 783//1557 885//1557
f 780//1558 783//1558 883//1558
f 783//1559 785//1559 885//1559
f 785//1560 787//1560 885//1560
f 885//1561 787//1561 886//1561
f 787//1562 789//1562 886//1562
f 886//1563 789//1563 887//1563
f 887//1564 791//1564 888//1564
f 789//1565 791//1565 887//1565
f 888//1566 793//1566 889//1566
f 791//1567 793//1567 888//1567
f 889//1568 795//1568 890//1568
f 793//1569 795//1569 889//1569
f 890//1570 797//1570 891//1570
f 795//1571 797//1571 890//1571
f 891//1572 799//1572 892//1572
f 797//1573 799//1573 891//1573
f 892//1574 801//1574 893//1574
f 799//1575 801//1575 892//1575
f 893//1576 803//1576 894//1576
f 801//1577 803//1577 893//1577
f 894//1578 805//1578 895//1578
f 803//1579 805//1579 894//1579
f 895//1580 807//1580 896//1580
f 805//1581 807//1581 895//1581
f 896//1582 809//1582 897//1582
f 807//1583 809//1583 896//1583
f 897//1584 811//1584 898//1584
f 809//1585 811//1585 897//1585
f 898//1586 814//1586 899//1586
f 811//1587 814//1587 898//1587
f 899//1588 818//1588 900//1588
f 814//1589 818//1589 899//1589
f 900//1590 820//1590 901//1590
f 818//1591 820//1591 900//1591
f 901//1592 821//1592 902//1592
f 820//1593 821//1593 901//1593
f 902//1594 822//1594 903//1594
f 821//1595 822//1595 902//1595
f 903//1596 823//1596 904//1596
f 822//1597 823//1597 903//1597
f 904//1598 824//1598 905//1598
f 905//1599 824//1599 843//1599
f 823//1600 824//1600 904//1600
f 824//1601 825//1601 843//1601
f 885//1602 883//1602 884//1602
f 887//1603 885//1603 886//1603
f 894//1604 892//1604 893//1604
f 870//1605 871//1605 872//1605
f 897//1606 894//1606 895//1606
f 897//1607 895//1607 896//1607
f 897//1608 892//1608 894//1608
f 867//1609 868//1609 869//1609
f 866//1610 867//1610 869//1610
f 866//1611 869//1611 870//1611
f 900//1612 897//1612 898//1612
f 900//1613 898//1613 899//1613
f 901//1614 892//1614 897//1614
f 901//1615 897//1615 900//1615
f 901//1616 889//1616 890//1616
f 901//1617 890//1617 891//1617
f 901//1618 891//1618 892//1618
f 902//1619 889//1619 901//1619
f 862//1620 863//1620 864//1620
f 862//1621 864//1621 865//1621
f 861//1622 862//1622 865//1622
f 861//1623 865//1623 866//1623
f 904//1624 902//1624 903//1624
f 844//1625 905//1625 843//1625
f 857//1626 858//1626 859//1626
f 857//1627 859//1627 860//1627
f 857//1628 860//1628 861//1628
f 846//1629 844//1629 845//1629
f 846//1630 902//1630 904//1630
f 846//1631 889//1631 902//1631
f 846//1632 905//1632 844//1632
f 846//1633 887//1633 888//1633
f 846//1634 888//1634 889//1634
f 846//1635 904//1635 905//1635
f 854//1636 855//1636 856//1636
f 852//1637 853//1637 854//1637
f 852//1638 856//1638 857//1638
f 852//1639 854//1639 856//1639
f 850//1640 846//1640 847//1640
f 850//1641 847//1641 848//1641
f 850//1642 848//1642 849//1642
f 851//1643 872//1643 873//1643
f 851//1644 873//1644 874//1644
f 851//1645 874//1645 875//1645
f 851//1646 875//1646 876//1646
f 851//1647 876//1647 877//1647
f 851//1648 877//1648 878//1648
f 851//1649 878//1649 879//1649
f 851//1650 879//1650 880//1650
f 851//1651 880//1651 881//1651
f 851//1652 881//1652 882//1652
f 851//1653 882//1653 883//1653
f 851//1654 887//1654 846//1654
f 851//1655 861//1655 866//1655
f 851//1656 852//1656 857//1656
f 851//1657 857//1657 861//1657
f 851//1658 883//1658 885//1658
f 851//1659 885//1659 887//1659
f 851//1660 846//1660 850//1660
f 851//1661 866//1661 870//1661
f 851//1662 870//1662 872//1662
f 906//1663 907//1663 908//1663
f 35//1664 907//1664 906//1664
f 559//1665 35//1665 906//1665
f 36//1666 559//1666 354//1666
f 36//1667 35//1667 559//1667
f 909//1668 304//1668 910//1668
f 910//1669 304//1669 911//1669
f 910//1670 911//1670 912//1670
f 912//1671 911//1671 913//1671
f 914//1672 915//1672 906//1672
f 906//1673 915//1673 559//1673
f 908//1674 916//1674 906//1674
f 906//1675 916//1675 914//1675
f 915//1676 914//1676 916//1676
f 915//1677 916//1677 917//1677
f 907//1678 916//1678 908//1678
f 907//1679 918//1679 916//1679
f 916//1680 918//1680 912//1680
f 916//1681 913//1681 917//1681
f 912//1682 913//1682 916//1682
f 918//1683 919//1683 912//1683
f 912//1684 919//1684 910//1684
f 910//1685 919//1685 909//1685
f 304//1686 39//1686 303//1686
f 909//1687 919//1687 918//1687
f 37//1688 304//1688 909//1688
f 37//1689 39//1689 304//1689
f 37//1690 909//1690 918//1690
f 907//1691 160//1691 157//1691
f 159//1692 35//1692 37//1692
f 159//1693 160//1693 35//1693
f 918//1694 158//1694 159//1694
f 907//1695 35//1695 160//1695
f 37//1696 918//1696 159//1696
f 918//1697 907//1697 158//1697
f 158//1698 907//1698 157//1698
f 559//1699 920//1699 560//1699
f 559//1700 921//1700 920//1700
f 922//1701 921//1701 559//1701
f 923//1702 922//1702 559//1702
f 924//1703 923//1703 559//1703
f 915//1704 925//1704 924//1704
f 915//1705 926//1705 925//1705
f 915//1706 927//1706 926//1706
f 915//1707 924//1707 559//1707
f 928//1708 927//1708 915//1708
f 929//1709 928//1709 915//1709
f 930//1710 929//1710 915//1710
f 931//1711 930//1711 915//1711
f 932//1712 931//1712 915//1712
f 933//1713 932//1713 915//1713
f 917//1714 934//1714 935//1714
f 917//1715 936//1715 934//1715
f 917//1716 937//1716 936//1716
f 917//1717 938//1717 939//1717
f 917//1718 940//1718 938//1718
f 917//1719 305//1719 940//1719
f 917//1720 939//1720 937//1720
f 220//1721 304//1721 222//1721
f 218//1722 304//1722 220//1722
f 216//1723 304//1723 218//1723
f 214//1724 304//1724 216//1724
f 212//1725 304//1725 214//1725
f 212//1726 911//1726 304//1726
f 210//1727 911//1727 212//1727
f 208//1728 911//1728 210//1728
f 206//1729 911//1729 208//1729
f 204//1730 911//1730 206//1730
f 202//1731 911//1731 204//1731
f 200//1732 911//1732 202//1732
f 198//1733 911//1733 200//1733
f 196//1734 911//1734 198//1734
f 913//1735 190//1735 184//1735
f 913//1736 192//1736 190//1736
f 254//1737 913//1737 256//1737
f 248//1738 913//1738 254//1738
f 258//1739 913//1739 184//1739
f 258//1740 256//1740 913//1740
f 915//1741 917//1741 933//1741
f 933//1742 917//1742 935//1742
f 913//1743 911//1743 196//1743
f 913//1744 196//1744 194//1744
f 913//1745 194//1745 192//1745
f 248//1746 305//1746 913//1746
f 913//1747 305//1747 917//1747
f 184//1748 186//1748 259//1748
f 184//1749 259//1749 258//1749
f 937//1750 939//1750 589//1750
f 590//1751 937//1751 589//1751
f 405//1752 562//1752 564//1752
f 410//1753 564//1753 565//1753
f 410//1754 405//1754 564//1754
f 413//1755 565//1755 568//1755
f 413//1756 410//1756 565//1756
f 416//1757 568//1757 570//1757
f 416//1758 413//1758 568//1758
f 419//1759 570//1759 571//1759
f 419//1760 416//1760 570//1760
f 422//1761 571//1761 573//1761
f 422//1762 419//1762 571//1762
f 425//1763 573//1763 575//1763
f 425//1764 422//1764 573//1764
f 428//1765 575//1765 577//1765
f 428//1766 425//1766 575//1766
f 431//1767 428//1767 577//1767
f 431//1768 577//1768 579//1768
f 434//1769 431//1769 579//1769
f 434//1770 579//1770 581//1770
f 437//1771 434//1771 581//1771
f 437//1772 581//1772 583//1772
f 440//1773 437//1773 583//1773
f 440//1774 583//1774 585//1774
f 443//1775 440//1775 585//1775
f 443//1776 585//1776 587//1776
f 939//1777 587//1777 589//1777
f 446//1778 443//1778 587//1778
f 446//1779 587//1779 939//1779
f 449//1780 446//1780 939//1780
f 449//1781 939//1781 938//1781
f 452//1782 449//1782 938//1782
f 452//1783 938//1783 940//1783
f 288//1784 305//1784 289//1784
f 455//1785 940//1785 305//1785
f 455//1786 452//1786 940//1786
f 457//1787 305//1787 288//1787
f 457//1788 455//1788 305//1788
f 459//1789 457//1789 288//1789
f 459//1790 288//1790 290//1790
f 461//1791 290//1791 291//1791
f 461//1792 459//1792 290//1792
f 464//1793 291//1793 292//1793
f 464//1794 461//1794 291//1794
f 474//1795 292//1795 293//1795
f 474//1796 464//1796 292//1796
f 476//1797 293//1797 294//1797
f 476//1798 474//1798 293//1798
f 478//1799 294//1799 295//1799
f 478//1800 295//1800 296//1800
f 478//1801 476//1801 294//1801
f 479//1802 478//1802 296//1802
f 479//1803 296//1803 297//1803
f 481//1804 297//1804 298//1804
f 481//1805 479//1805 297//1805
f 483//1806 298//1806 299//1806
f 483//1807 481//1807 298//1807
f 485//1808 299//1808 300//1808
f 485//1809 483//1809 299//1809
f 487//1810 300//1810 301//1810
f 487//1811 485//1811 300//1811
f 489//1812 301//1812 302//1812
f 489//1813 487//1813 301//1813
f 491//1814 302//1814 286//1814
f 491//1815 489//1815 302//1815
f 287//1816 491//1816 286//1816
f 346//1817 329//1817 560//1817
f 346//1818 560//1818 920//1818
f 350//1819 920//1819 921//1819
f 350//1820 346//1820 920//1820
f 355//1821 921//1821 922//1821
f 355//1822 350//1822 921//1822
f 359//1823 922//1823 923//1823
f 359//1824 355//1824 922//1824
f 363//1825 923//1825 924//1825
f 363//1826 359//1826 923//1826
f 367//1827 924//1827 925//1827
f 367//1828 363//1828 924//1828
f 371//1829 925//1829 926//1829
f 371//1830 367//1830 925//1830
f 375//1831 371//1831 926//1831
f 375//1832 926//1832 927//1832
f 375//1833 927//1833 928//1833
f 378//1834 375//1834 928//1834
f 378//1835 928//1835 929//1835
f 382//1836 378//1836 929//1836
f 382//1837 929//1837 930//1837
f 386//1838 382//1838 930//1838
f 386//1839 930//1839 931//1839
f 390//1840 386//1840 931//1840
f 390//1841 931//1841 932//1841
f 394//1842 390//1842 932//1842
f 394//1843 932//1843 933//1843
f 398//1844 933//1844 935//1844
f 398//1845 394//1845 933//1845
f 402//1846 935//1846 934//1846
f 402//1847 398//1847 935//1847
f 404//1848 934//1848 936//1848
f 404//1849 402//1849 934//1849
f 588//1850 937//1850 590//1850
f 400//1851 936//1851 937//1851
f 400//1852 404//1852 936//1852
f 396//1853 937//1853 588//1853
f 396//1854 400//1854 937//1854
f 392//1855 588//1855 586//1855
f 392//1856 396//1856 588//1856
f 388//1857 586//1857 584//1857
f 388//1858 392//1858 586//1858
f 384//1859 584//1859 582//1859
f 384//1860 388//1860 584//1860
f 380//1861 582//1861 580//1861
f 380//1862 384//1862 582//1862
f 376//1863 580//1863 578//1863
f 376//1864 380//1864 580//1864
f 373//1865 578//1865 576//1865
f 373//1866 376//1866 578//1866
f 369//1867 576//1867 574//1867
f 369//1868 373//1868 576//1868
f 365//1869 574//1869 572//1869
f 365//1870 369//1870 574//1870
f 361//1871 572//1871 569//1871
f 361//1872 365//1872 572//1872
f 357//1873 569//1873 567//1873
f 357//1874 361//1874 569//1874
f 352//1875 567//1875 566//1875
f 352//1876 357//1876 567//1876
f 348//1877 566//1877 563//1877
f 348//1878 352//1878 566//1878
f 337//1879 563//1879 561//1879
f 337//1880 348//1880 563//1880
